DIRECTORIO;SECUENCIA_ENCUESTA;SECUENCIA_P;ORDEN;FEX_C;P784S4A3;P784S4A4
7566948;1;1;1;35.086940167;1;912000
7567041;1;1;1;133.92331732;1;380000
7567158;1;1;1;149.91475379;1;960000
7567192;1;1;1;96.498545672;1;950000
7567255;1;1;1;139.22885045;1;981500
7567255;2;1;2;139.22885045;1;800000
7567263;1;1;1;98.813962961;1;1920000
7567329;1;1;1;240.58730788;1;280000
7567397;1;1;1;226.7969023;1;30000
7567398;1;1;1;350.46716665;1;912000
7567524;1;1;1;15.709435003;1;1200000
7567542;1;1;1;101.90674739;1;170000
7567542;2;1;2;101.90674739;1;170000
7567558;1;1;1;55.109622053;1;760000
7567558;2;1;2;55.109622053;1;1140000
7567656;1;1;1;190.02080527;1;99
7567663;1;1;1;202.91608001;1;99
7567694;1;1;1;192.75770125;1;76000
7567739;1;1;1;117.93106138;1;600000
7567802;1;1;1;38.33179645;1;800000
7567808;1;1;1;43.009343124;1;1500000
7567825;1;1;1;72.050280788;1;700000
7567829;1;1;1;125.00401894;1;800000
7567829;2;1;2;125.00401894;3;8400000
7568014;1;1;1;254.532225;1;300000
7568066;1;1;1;175.4095039;1;350000
7568071;1;1;1;190.52371646;1;600000
7568079;1;1;1;201.08624632;1;450000
7568111;1;1;1;51.379661841;1;304000
7568124;1;1;1;195.26356068;1;200000
7568159;1;1;1;140.63221317;1;500000
7568281;1;1;1;123.94451717;1;912000
7568284;1;1;1;183.36112185;1;1600000
7568330;1;1;1;143.31000361;1;456000
7568334;1;1;1;205.70972194;1;456000
7568347;1;1;1;204.61771019;1;456000
7568367;1;1;1;226.23724887;1;150000
7568487;1;1;1;5.2246691737;1;10920000
7568501;1;1;1;6.6006756799;1;400000
7568562;1;1;1;23.378297914;1;1920000
7568600;1;1;1;38.056499448;1;900000
7568607;1;1;1;81.420043757;1;450000
7568623;1;1;1;10.941714696;1;207000
7568627;1;1;1;24.441263991;2;500000
7568689;1;1;1;381.32357353;1;450000
7568693;1;1;1;449.22893551;1;76000
7568694;1;1;1;445.21959417;1;456000
7568695;1;1;1;319.9728024;1;456000
7568696;1;1;1;499.23058322;1;456000
7568698;1;1;1;460.45768937;1;900000
7568711;1;1;1;470.45243754;2;912000
7568742;1;1;1;370.32157323;1;200000
7568974;1;1;1;216.77380397;1;840000
7568980;1;1;1;79.183649187;1;380000
7568981;1;1;1;103.94411666;1;1920000
7569070;1;1;1;63.054367789;1;900000
7569100;1;1;1;211.49456796;1;386000
7569154;1;1;1;25.426443268;1;400000
7569184;1;2;1;72.949117411;1;450000
7569197;1;1;1;67.734187492;1;210000
7569205;1;1;1;30.19305998;1;400000
7569207;1;1;1;74.363661066;2;1800000
7569210;1;1;1;54.587436196;1;750000
7569212;1;1;1;54.468761723;1;500000
7569219;1;1;1;31.961800475;1;462000
7569273;1;1;1;46.242686568;1;800000
7569356;1;1;1;187.27062239;1;280000
7569371;1;1;1;207.96842227;1;200000
7569381;1;1;1;239.74985749;1;1200000
7569398;1;1;1;177.57770276;1;304000
7569529;1;1;1;214.28544901;1;1200000
7569566;1;1;1;77.625227096;1;240000
7569578;1;1;1;294.61425121;1;300000
7569599;1;1;1;208.88813981;1;300000
7569645;1;1;1;471.88954587;1;456000
7569657;1;1;1;185.58370818;1;160000
7569658;1;1;1;163.76403726;1;380000
7569679;1;1;1;50.75874354;1;456000
7569720;1;1;1;102.97197855;1;1600000
7569989;1;1;1;100.04233499;1;150000
7570505;1;1;1;218.14216915;1;420000
7570739;1;1;1;75.431384146;1;221000
7570754;1;1;1;40.793360732;1;300000
7570784;1;1;1;15.673837828;1;280000
7570789;1;1;1;17.655476062;1;840000
7570803;1;1;1;22.362429187;1;76000
7570810;1;1;1;25.687361125;1;76000
7570817;1;1;1;42.622850124;1;70000
7570824;1;1;1;10.078709038;1;750000
7570924;1;1;1;83.906346484;1;800000
7570932;1;1;1;90.908057942;1;75000
7570965;1;1;1;15.155682862;1;360000
7571055;1;1;1;392.0684066;1;640000
7571065;1;1;1;469.34394432;1;900000
7571118;1;1;1;323.57223984;1;532000
7571176;1;1;1;99.941483715;1;850000
7571179;1;1;1;61.678946086;1;850000
7571184;1;1;1;77.515909471;1;840000
7571201;1;1;1;33.45209736;1;1500000
7571202;1;1;1;48.8526209;1;480000
7571259;1;1;1;240.10527468;1;1000000
7571357;1;1;1;157.84242963;1;450000
7571439;1;1;1;57.48964601;1;400000
7571454;1;1;1;199.80082472;1;480000
7571458;1;1;1;235.57282552;1;75000
7571550;1;1;1;50.743510412;1;21000
7571578;1;1;1;226.92057611;1;912000
7571612;1;1;1;87.605587788;1;450000
7571667;1;1;1;65.485698193;1;76000
7571729;1;1;1;15.352022002;1;720000
7571732;1;1;1;14.093598763;1;4100000
7571732;2;1;2;14.093598763;1;400000
7571732;3;1;3;14.093598763;1;900000
7571744;1;1;1;72.783615608;1;900000
7571748;1;1;1;91.811854375;1;600000
7574534;1;1;1;277.27559771;1;50000
7574573;1;1;1;59.703861012;1;912000
7574610;1;1;1;41.144933857;1;225000
7574678;1;1;1;174.82011631;1;1400000
7574740;1;1;1;58.283714598;1;1720000
7574803;1;1;1;147.50561565;1;304000
7575078;1;1;1;221.98792714;1;37000
7575213;1;1;1;161.83011676;1;450000
7575236;1;1;1;158.29676726;1;11500000
7575238;1;1;1;116.03771725;1;300000
7575243;1;1;1;111.81825093;1;720000
7575244;1;1;1;96.965546613;1;228000
7575249;1;1;1;161.12315452;1;900000
7575355;1;1;1;111.55099626;1;300000
7575360;1;1;1;193.42192054;1;1920000
7575399;1;1;1;1082.9606608;1;440000
7575563;1;1;1;26.721541689;1;960000
7575639;1;1;1;4.693155639;1;1500000
7575718;1;1;1;51.256441939;1;450000
7575722;1;1;1;57.142207849;1;450000
7575733;1;1;1;62.854320962;2;1080000
7575747;1;1;1;69.614205987;1;500000
7575763;1;1;1;16.845700397;1;500000
7575861;1;1;1;7.6552477278;1;800000
7575965;1;1;1;151.09694951;1;1060000
7576069;1;1;1;103.64424378;2;720000
7576130;1;1;1;78.632538845;1;350000
7576135;1;1;1;215.01529453;1;380000
7576151;1;1;1;169.83357868;1;900000
7576187;1;1;1;219.54262661;1;1000000
7576316;1;1;1;97.236509351;1;1920000
7576333;1;1;1;59.600135306;1;350000
7576336;1;1;1;52.229682118;1;860000
7576340;1;1;1;55.67088907;1;225000
7576343;1;1;1;69.639576157;1;96000
7576350;1;1;1;78.159440954;1;350000
7576351;1;1;1;58.589097916;1;1200000
7576358;1;1;1;32.344948849;1;450000
7576362;1;1;1;101.82355087;1;350000
7576364;1;1;1;74.227852093;1;210000
7576372;1;1;1;65.445446071;1;423000
7576376;1;1;1;96.373424194;1;360000
7576377;1;1;1;82.751541485;1;450000
7576437;1;1;1;67.034404074;1;760000
7576625;1;1;1;96.234102766;1;2500000
7576625;2;1;2;96.234102766;1;2500000
7576672;1;1;1;15.081057603;1;150000
7576708;1;1;1;38.067527672;1;450000
7576708;2;1;2;38.067527672;1;1140000
7576710;1;1;1;79.799711995;1;280000
7576710;2;1;2;79.799711995;1;380000
7576713;1;1;1;38.067527672;1;75000
7576718;1;1;1;28.661272703;1;160000
7576749;1;1;1;134.14757658;1;100000
7576803;1;1;1;93.186357118;1;228000
7576825;1;1;1;169.21663027;1;152000
7576829;1;1;1;156.78140029;1;228000
7576831;1;1;1;122.57909717;1;152000
7576856;1;1;1;143.12371252;1;304000
7576916;1;1;1;161.61622524;1;456000
7576976;1;1;1;237.20409022;1;300000
7577077;1;1;1;445.74120303;1;1800000
7577134;1;1;1;240.68285488;1;626000
7577153;1;1;1;348.97449887;1;4440000
7577197;1;1;1;169.95076756;1;18000
7577201;1;1;1;216.49005327;1;450000
7577308;1;1;1;563.06104273;1;480000
7577376;1;1;1;607.226143;1;2400000
7577508;1;3;1;204.45699005;1;70000
7577661;1;1;1;145.18895256;1;350000
7577663;1;1;1;115.7721265;2;140000
7577760;1;1;1;116.61243543;1;76000
7577787;1;1;1;289.78658109;1;1920000
7577870;1;1;1;328.43224989;1;75000
7577875;1;1;1;236.19729634;1;450000
7577939;1;1;1;106.30643472;1;880000
7577956;1;1;1;125.55809938;2;99
7578050;1;1;1;70.329995249;2;520000
7578146;1;1;1;655.04148511;1;60000
7578157;1;1;1;604.40109272;1;450000
7578233;1;1;1;453.91170157;1;800000
7578252;1;1;1;124.38774032;1;150000
7578260;1;1;1;232.69294857;1;1920000
7578291;1;1;1;193.9253963;1;800000
7578415;1;1;1;82.431549871;1;960000
7578460;1;1;1;34.218035626;1;912000
7578487;1;1;1;206.1466868;1;228000
7578914;1;1;1;68.544604665;2;98
7578921;1;1;1;80.414201844;1;120000
7578991;1;1;1;37.931363012;1;225000
7579044;1;1;1;11.907516849;1;400000
7579044;1;2;1;11.907516849;1;500000
7579046;1;1;1;12.337504335;1;300000
7579047;1;1;1;13.585636993;1;480000
7583361;1;1;1;210.86919022;1;228000
7583377;1;1;1;85.357244779;1;228000
7583397;1;1;1;215.62021547;1;304000
7583402;1;1;1;59.342931113;1;210000
7583420;1;1;1;118.29155969;1;280000
7583424;1;1;1;107.75638088;1;304000
7583436;1;1;1;133.46342677;1;420000
7583498;1;1;1;40.641317843;1;720000
7583711;1;1;1;80.847431407;1;400000
7583746;1;1;1;45.103721916;1;300000
7583747;1;1;1;36.966656047;2;1200000
7583755;1;1;1;242.98593978;1;150000
7583855;1;1;1;34.099817049;1;585000
7583967;1;1;1;129.05241656;1;1920000
7583970;1;1;1;116.07469923;1;3160000
7583979;1;1;1;96.319991182;1;215000
7583985;1;1;1;36.669860495;1;4800000
7584003;1;1;1;139.10484213;1;600000
7584004;1;1;1;169.08253562;1;912000
7584029;1;1;1;47.720375255;1;75000
7584095;1;1;1;4.3170709249;1;420000
7584267;1;1;1;24.310618997;1;75000
7584365;1;1;1;52.655241881;1;450000
7584620;1;1;1;205.72885048;1;750000
7584655;1;1;1;367.26059357;1;228000
7584658;1;1;1;332.57379264;1;250000
7584865;1;1;1;186.4209435;1;65000
7584878;1;1;1;170.53392001;1;400000
7584910;1;1;1;1592.8020789;1;1120000
7585197;1;1;1;101.23386183;1;450000
7585217;1;1;1;154.24577903;1;500000
7585241;1;1;1;765.5005847;1;80000
7585258;1;1;1;243.99173031;2;76000
7585260;1;1;1;161.50661279;1;720000
7585269;1;1;1;1202.3663838;1;456000
7585520;1;1;1;160.71528295;1;2000000
7585636;1;1;1;64.877520343;1;450000
7585639;1;1;1;85.278867483;1;912000
7585796;1;1;1;238.58341309;1;1200000
7585874;1;1;1;217.50252449;1;980000
7585875;1;1;1;125.93709008;2;1800000
7585876;1;1;1;179.8127022;1;970000
7585883;1;1;1;230.5985625;1;970000
7585890;1;1;1;208.71738226;1;152000
7585895;1;1;1;429.41761644;1;456000
7585901;1;1;1;241.14836948;1;456000
7585903;1;1;1;202.76381259;1;380000
7585936;1;1;1;346.88578636;1;456000
7585960;1;1;1;121.10681292;1;456000
7585989;1;1;1;473.38988569;1;1800000
7586223;1;1;1;11.491628143;1;150000
7586251;1;1;1;10.183786445;1;6000000
7586291;1;1;1;9.2435342467;1;76000
7586351;1;1;1;54.319270783;1;450000
7586429;1;1;1;20.61531996;1;76000
7586467;1;1;1;19.686541448;1;240000
7586472;1;1;1;16.937875026;1;450000
7586488;1;1;1;26.80504071;1;280000
7586492;1;1;1;63.367787746;1;450000
7586497;1;1;1;17.65748893;1;150000
7586507;1;1;1;36.302123592;1;450000
7586519;1;1;1;14.907919753;1;900000
7586520;1;1;1;31.034391604;2;350000
7586634;1;1;1;59.042514342;1;760000
7586637;1;1;1;12.113186074;1;200000
7586638;1;1;1;20.107718803;1;200000
7586640;1;1;1;20.665848189;1;240000
7586643;1;1;1;9.8287508076;1;100000
7591548;1;1;1;115.13569828;1;228000
7591603;1;1;1;107.44360961;1;420000
7591621;1;1;1;253.50567501;1;456000
7591924;1;1;1;73.651536241;1;1200000
7591935;1;1;1;89.881962375;1;380000
7591969;1;1;1;193.06758856;1;1260000
7591986;1;1;1;99.322187934;1;1800000
7592045;1;1;1;130.49614902;1;37000
7592053;1;1;1;12.151000771;1;99
7592077;1;1;1;495.2222424;1;750000
7592111;1;1;1;254.95012281;1;65000
7592230;1;1;1;27.55449985;4;99
7592232;1;1;1;124.31157599;1;3000000
7592236;1;1;1;16.469851675;1;152000
7592238;1;1;1;24.144570439;1;380000
7592287;1;1;1;85.816934383;2;1200000
7592587;1;1;1;13.13657848;1;380000
7592811;1;1;1;258.94858633;1;530000
7592823;1;1;1;193.05412548;1;210000
7593035;1;1;1;2049.5889708;1;1920000
7593086;1;1;1;118.62013778;1;420000
7593112;1;1;1;93.051917053;1;420000
7593126;1;1;1;47.081707971;1;1920000
7593127;1;1;1;143.57304442;1;900000
7593169;1;1;1;79.967819264;1;99
7593211;1;1;1;25.730478988;1;1920000
7593235;1;1;1;153.50993615;1;1960000
7593356;1;1;1;98.699970007;1;300000
7593365;1;1;1;112.70509454;1;320000
7593447;1;1;1;117.81542354;1;960000
7593463;2;1;2;23.977262308;1;200000
7593463;1;1;1;23.977262308;3;350000
7593465;1;1;1;11.97788678;1;300000
7593506;1;1;1;441.23997155;1;450000
7593517;1;1;1;86.773607047;1;75000
7593533;1;1;1;136.38532732;1;450000
7593541;1;1;1;34.776210533;1;1600000
7593567;1;1;1;139.10484213;1;225000
7593580;1;1;1;287.35162751;1;970000
7593615;1;1;1;143.74260841;1;1920000
7593617;1;1;1;85.436240788;1;525000
7593653;1;1;1;4.0750172099;1;2400000
7593693;1;1;1;34.776210533;1;1600000
7594127;1;1;1;31.683570967;1;225000
7594142;1;1;1;60.019677528;1;100000
7594145;1;1;1;96.503073829;1;1600000
7594151;1;1;1;177.35418331;1;228000
7594349;1;1;1;63.469056921;1;1920000
7594370;1;1;1;528.67693758;1;400000
7594386;1;1;1;59.006804031;1;160000
7594387;1;1;1;116.96970686;1;304000
7594418;1;1;1;38.254909631;1;1920000
7594430;1;1;1;46.756294366;1;1920000
7594446;1;1;1;44.695083675;1;450000
7594448;1;1;1;241.89437115;1;890000
7594466;1;1;1;33.766460646;1;1920000
7594473;1;1;1;355.89535239;1;300000
7594481;1;1;1;46.756294366;1;1920000
7594507;1;1;1;63.469056921;1;1920000
7594585;1;1;1;396.37671404;1;950000
7594639;1;1;1;148.7762117;1;840000
7594700;1;1;1;7.2975966808;1;2400000
7594808;1;1;1;6.6255701569;1;432000
7599012;1;1;1;547.90484314;1;912000
7599077;1;1;1;301.82485769;1;480000
7599175;1;1;1;310.0549177;1;225000
7599266;1;1;1;378.25905251;1;75000
7599272;1;1;1;192.95063464;1;225000
7599421;1;1;1;300.80934395;1;1120000
7599440;1;1;1;174.16495965;1;140000
7599448;1;1;1;136.90494155;1;426000
7599455;1;2;1;219.77620991;1;152000
7599645;1;1;1;225.9107721;1;350000
7599651;1;1;1;188.78939088;1;800000
7599662;1;1;1;141.80017676;2;700000
7599675;1;1;1;141.73194544;3;1050000
7599675;2;1;2;141.73194544;1;380000
7599745;2;1;2;49.583040482;1;1200000
7599745;1;1;1;49.583040482;1;1200000
7599753;1;1;1;48.707068361;1;650000
7599831;1;1;1;50.848290268;1;800000
7599884;1;1;1;107.64195917;1;1600000
7599889;1;1;1;59.137505259;1;240000
7599924;1;1;1;162.06522794;1;456000
7599924;2;1;2;162.06522794;1;2136000
7599944;1;1;1;25.248925735;1;420000
7599948;1;1;1;22.89622453;1;1050000
7600165;1;1;1;116.5388078;1;400000
7600271;1;1;1;120.34453309;1;1920000
7600273;1;1;1;157.8512824;1;304000
7600383;1;1;1;18.700164544;1;1600000
7600384;1;1;1;18.156401611;1;2200000
7600410;1;1;1;79.888167091;1;608000
7600559;1;1;1;174.68681276;1;210000
7600604;1;1;1;251.80007536;1;139000
7600633;1;1;1;220.67512116;1;900000
7600639;1;1;1;177.95661094;1;450000
7600644;1;1;1;172.16619388;1;450000
7600647;1;1;1;212.27068288;1;450000
7600665;1;1;1;255.32844514;1;1920000
7600672;1;1;1;117.0393331;2;300000
7600686;1;1;1;489.49522829;1;532000
7600704;1;1;1;484.49603044;1;800000
7606554;1;1;1;1594.1003666;1;210000
7606661;1;1;1;42.136642314;1;15000000
7606668;1;1;1;41.096879247;1;320000
7606687;1;1;1;120.79381524;1;304000
7606720;1;1;1;152.14181756;1;380000
7606721;1;1;1;159.83704843;1;480000
7606791;1;1;1;109.41445287;1;300000
7606805;1;1;1;154.13450047;2;2070000
7606811;1;1;1;123.095203;1;300000
7606812;1;1;1;104.61022844;1;2700000
7606819;1;1;1;121.4984907;1;456000
7606827;1;1;1;207.84166312;1;456000
7606851;1;1;1;500.81187829;1;275000
7606866;1;1;1;308.23395122;2;400000
7606917;1;1;1;1265.9457;1;912000
7606920;1;1;1;734.41142196;1;1200000
7606921;1;1;1;870.29990558;1;380000
7606923;1;1;1;826.67297279;1;228000
7606923;2;1;2;826.67297279;1;410000
7607023;1;1;1;249.14231286;1;1110000
7607075;1;1;1;373.53998472;1;76000
7607116;1;1;1;499.73498032;2;300000
7607123;1;1;1;405.85684956;1;300000
7607135;1;1;1;273.9405865;1;300000
7607138;1;1;1;235.13564775;1;300000
7607404;1;1;1;2033.0601036;1;150000
7607428;1;1;1;95.688443832;1;225000
7607438;1;1;1;125.53906353;1;400000
7607441;1;1;1;796.16020557;1;300000
7607466;1;1;1;233.22720388;1;760000
7607659;1;1;1;6.063028965;1;12000000
7607663;1;1;1;12.69165562;1;99
7607799;1;1;1;25.753752394;1;75000
7607861;1;1;1;14.26034094;1;450000
7607875;1;1;1;120.52595122;1;580000
7607880;1;1;1;34.541448148;1;450000
7607909;1;1;1;34.725211017;1;450000
7607918;1;1;1;36.152830163;1;450000
7607965;1;1;1;32.814856945;1;225000
7607972;1;1;1;23.493460957;1;300000
7607996;1;1;1;50.274738667;1;450000
7608026;1;1;1;135.93791438;1;1600000
7608139;1;1;1;26.008623359;1;760000
7608264;1;1;1;20.209495231;1;400000
7611484;1;1;1;252.13455985;1;420000
7611493;1;1;1;314.45807328;1;304000
7611520;1;1;1;268.83325857;1;75000
7611534;1;1;1;127.31660262;1;75000
7611612;1;1;1;163.7448913;1;300000
7611613;1;1;1;111.90580964;1;840000
7611614;1;1;1;145.78120895;1;384000
7611638;1;1;1;159.50050171;1;420000
7611641;1;1;1;249.58582371;2;4400000
7611853;1;1;1;141.04942758;1;280000
7611971;1;1;1;69.183877325;1;160000
7612003;1;1;1;265.23055299;1;304000
7612042;1;1;1;56.833222155;1;80000
7612051;1;1;1;26.656823355;1;1380000
7612095;1;1;1;77.017274002;5;600000
7612102;1;1;1;28.620280663;1;225000
7612209;1;1;1;164.18190429;1;1600000
7612224;1;1;1;118.21097109;1;750000
7612293;1;1;1;175.05363294;1;460000
7612299;1;1;1;142.03658388;1;960000
7612322;1;1;1;43.259287953;1;225000
7612324;1;1;1;46.687195461;1;800000
7612365;1;1;1;25.600339758;1;280000
7612376;1;1;1;24.28738933;1;304000
7612617;1;1;1;160.67682619;3;1110000
7612650;1;1;1;33.080210206;1;450000
7612817;1;1;1;118.15793552;1;912000
7612826;1;1;1;130.01843879;1;456000
7612831;1;1;1;109.69305618;1;456000
7612833;1;1;1;58.151742096;1;450000
7613060;1;1;1;142.59143103;1;760000
7613131;1;1;1;110.49908766;1;912000
7613211;1;1;1;119.50634842;1;215000
7613214;1;1;1;181.22533269;1;450000
7613269;1;1;1;83.137165278;1;480000
7613277;1;1;1;63.201870284;2;650000
7613510;1;1;1;378.04670448;1;600000
7613570;1;1;1;6.9494444309;1;120000
7613582;1;1;1;13.341510456;1;200000
7613679;1;1;1;73.801177381;1;150000
7613792;1;1;1;129.92589237;1;228000
7613820;1;1;1;45.262581921;1;840000
7613991;1;1;1;83.529835021;1;25000
7614003;1;1;1;367.79291957;1;3240000
7614112;1;1;1;744.79858275;1;760000
7614168;1;1;1;118.47491067;1;432000
7614317;1;1;1;106.86770135;1;300000
7614329;1;1;1;160.15197768;1;150000
7614329;2;1;2;160.15197768;2;800000
7614367;1;1;1;177.2305555;1;750000
7614373;1;1;1;172.2362564;1;1800000
7614513;1;1;1;209.17058032;2;99
7614563;1;1;1;34.93080895;1;140000
7614568;1;1;1;63.537972742;1;300000
7614579;1;1;1;67.4474698;1;300000
7614687;1;1;1;269.86936592;1;420000
7614895;1;1;1;774.06805432;2;840000
7614944;1;1;1;85.182422188;1;304000
7614947;1;1;1;129.46968981;2;456000
7614953;1;1;1;85.182422188;1;768000
7614957;1;1;1;85.182422188;1;380000
7614965;1;1;1;85.182422188;1;304000
7614975;1;1;1;80.295950883;1;304000
7615124;1;1;1;22.417415798;1;1920000
7615132;1;1;1;28.549142094;1;150000
7615208;1;1;1;35.425451239;1;448000
7615211;1;1;1;110.08252899;1;380000
7615218;1;1;1;20.373001544;1;350000
7615292;1;1;1;44.915939215;1;2500000
7615298;1;1;1;77.419470639;1;600000
7615332;1;1;1;109.51205838;1;450000
7615346;1;1;1;105.08582554;1;450000
7615461;1;1;1;384.49104041;1;900000
7615499;1;1;1;485.05886503;1;180000
7615566;1;1;1;36.890611094;1;456000
7615573;1;1;1;87.803842442;1;456000
7615591;1;1;1;463.0694966;1;456000
7615598;1;1;1;554.74234788;1;396000
7615603;1;1;1;532.99722087;1;250000
7615609;1;1;1;557.65225189;1;456000
7615615;1;1;1;450.70772702;1;456000
7615634;1;1;1;485.33127813;1;456000
7615770;1;1;1;242.7854006;1;228000
7615819;1;1;1;98.155508535;1;456000
7615916;1;1;1;443.06080045;1;98
7615941;1;1;1;100.62991655;3;1340000
7616086;1;1;1;17.726894635;1;1060000
7616089;1;1;1;16.116859181;1;580000
7616379;1;1;1;106.59294889;1;390000
7616454;1;1;1;401.19688248;1;900000
7616462;1;1;1;314.28203029;1;900000
7616465;1;1;1;393.88062797;1;900000
7616504;1;1;1;20.634363661;1;900000
7616573;1;1;1;93.934346687;1;912000
7616593;1;1;1;95.057560326;1;450000
7616653;1;1;1;142.13040516;1;370000
7616655;1;1;1;99.921093153;1;360000
7616659;1;1;1;86.092096749;1;375000
7616660;1;1;1;63.122876131;1;360000
7616852;1;1;1;65.868830713;1;380000
7616867;1;1;1;102.35671739;1;160000
7616869;1;1;1;113.1299517;1;760000
7616895;1;1;1;43.792399929;1;228000
7616929;1;1;1;1598.6531057;1;1200000
7616959;1;1;1;1827.5668547;1;4500000
7616997;1;1;1;1112.3855467;1;2160000
7617004;1;1;1;22.007846537;2;2900000
7617044;1;1;1;22.007846537;1;2400000
7617277;1;1;1;20.263204834;1;80000
7617281;1;1;1;20.263204834;1;40000
7617328;1;1;1;54.805466794;1;412000
7617352;1;1;1;217.47513117;1;420000
7617380;1;1;1;165.81534475;1;50000
7617383;1;1;1;190.80904079;1;226000
7617389;1;1;1;219.38411265;1;304000
7617394;1;1;1;146.19556598;1;144000
7617531;1;1;1;121.46955186;1;1920000
7617532;1;1;1;112.59977601;1;228000
7617535;1;1;1;66.124959919;1;228000
7617581;1;1;1;115.07940357;1;150000
7617595;1;1;1;89.708613113;1;280000
7617638;1;1;1;85.256654926;1;140000
7617712;1;1;1;198.33725625;1;450000
7617748;1;1;1;58.28521131;1;60000
7617802;1;1;1;185.86946717;1;480000
7617859;1;1;1;499.87044421;1;456000
7617941;1;1;1;221.158518;1;420000
7617955;1;1;1;122.06116301;1;350000
7617965;1;1;1;142.80075627;1;420000
7617981;1;1;1;143.87620816;1;360000
7618035;1;1;1;141.44655315;1;160000
7618132;1;1;1;77.856112169;1;1920000
7618197;1;1;1;63.090424508;1;750000
7618199;1;1;1;83.621180404;1;860000
7618218;1;1;1;27.153766084;1;850000
7618283;1;1;1;82.177065829;1;920000
7618326;1;1;1;220.30275206;1;300000
7618343;1;1;1;197.59559243;1;350000
7618344;1;1;1;165.27769807;1;250000
7618346;1;1;1;257.79384826;1;276000
7618349;1;1;1;198.33421526;1;140000
7618386;1;1;1;55.268404195;1;300000
7618395;1;1;1;39.182219052;1;195000
7618398;1;1;1;68.598605796;1;70000
7618599;1;1;1;316.28206887;1;900000
7618605;1;1;1;280.92554687;1;450000
7618612;1;1;1;350.74967815;1;900000
7618687;1;1;1;165.63493672;1;456000
7618691;1;1;1;147.47411433;1;1600000
7618695;1;1;1;149.99120432;1;456000
7618722;1;1;1;170.83211392;1;250000
7618828;1;1;1;1156.944937;1;400000
7618871;1;1;1;880.07298165;1;532000
7618875;1;1;1;819.85216179;1;912000
7618877;1;1;1;1221.0060564;1;1020000
7618908;1;1;1;879.15852556;1;180000
7618921;1;1;1;260.28857704;1;912000
7618921;2;1;2;260.28857704;1;680000
7619020;1;1;1;446.50410533;1;300000
7619028;1;1;1;272.03173665;1;300000
7619033;1;1;1;84.422743054;1;5600000
7619040;1;1;1;242.75457775;1;675000
7619097;1;1;1;240.27162726;1;210000
7619125;1;1;1;253.74093641;1;456000
7619128;1;1;1;276.70864738;1;456000
7619130;1;1;1;158.71943629;1;456000
7619154;1;1;1;221.02419795;1;230000
7619310;1;1;1;151.87152047;1;150000
7619332;1;1;1;94.222398245;1;210000
7619345;1;1;1;71.708280254;1;280000
7619352;1;1;1;201.64313672;1;300000
7619357;1;1;1;252.14705621;1;300000
7619361;1;1;1;189.94683642;1;300000
7619369;1;1;1;265.78467692;1;300000
7619390;1;1;1;214.23209222;1;150000
7619425;1;1;1;135.66348537;1;1200000
7619453;1;1;1;100.82722848;1;840000
7619464;1;1;1;181.82629947;1;120000
7619951;1;1;1;185.13754279;2;600000
7620131;1;1;1;133.74334069;2;720000
7620164;1;1;1;255.73109796;1;375000
7620168;1;1;1;109.47682593;1;150000
7620187;1;1;1;96.338270798;1;225000
7620203;1;1;1;99.097780534;1;225000
7620222;1;1;1;122.46152679;1;48000
7620281;1;1;1;126.77438563;1;152000
7620319;1;1;1;29.024301668;1;750000
7620351;1;1;1;247.53067018;1;500000
7620386;1;1;1;161.79472399;1;320000
7620469;1;1;1;47.200112608;1;98
7620495;1;1;1;118.72541794;1;1920000
7620586;1;1;1;281.97922921;1;960000
7620615;1;1;1;295.99204094;1;1200000
7620721;1;1;1;20.492403982;1;228000
7620728;1;1;1;69.111825398;1;228000
7620937;1;1;1;150.55247731;1;3040000
7620989;1;1;1;633.93678827;1;450000
7621011;1;1;1;555.17882957;1;225000
7621018;1;1;1;478.15031746;1;912000
7621073;1;1;1;273.13291514;1;420000
7621207;1;1;1;127.68176049;1;456000
7621280;1;1;1;39.125039174;1;150000
7621567;1;1;1;20.26056421;1;75000
7621929;1;1;1;26.022527991;1;152000
7621961;1;1;1;67.659304253;1;890000
7622026;1;1;1;8.9577831896;1;304000
7622031;1;1;1;22.137106014;1;380000
7622074;1;1;1;30.030071251;1;150000
7622077;1;1;1;67.87991848;1;200000
7622092;1;1;1;63.179697724;1;1060000
7622147;1;1;1;23.939301701;2;350000
7622166;1;1;1;15.389551093;2;650000
7622360;1;1;1;84.1195226;1;456000
7622368;1;1;1;332.56209049;1;36000
7622373;1;1;1;208.48861498;1;380000
7622375;1;1;1;180.25717063;1;142000
7622428;1;1;1;77.595055468;1;300000
7622461;1;1;1;116.15170024;1;450000
7622518;1;1;1;57.787049611;1;300000
7622525;1;1;1;62.638628901;1;150000
7622526;1;1;1;56.058514895;1;360000
7622602;1;1;1;1462.0534838;1;600000
7622656;1;1;1;1316.9812253;1;2240000
7622687;1;1;1;5.3330221608;1;240000
7622788;1;1;1;93.522888225;1;76000
7622796;1;1;1;76.525353977;1;350000
7622799;1;1;1;43.239618645;1;75000
7622812;1;1;1;134.53915025;1;800000
7622813;1;1;1;124.73098852;1;320000
7622819;1;1;1;54.686577242;1;228000
7622829;1;1;1;53.508570209;1;380000
7622886;1;1;1;250.66194794;1;228000
7622892;1;1;1;174.66475089;1;225000
7622901;1;1;1;139.06423765;1;150000
7622955;1;1;1;223.39060246;1;456000
7622964;1;1;1;455.7613343;1;226000
7622967;1;1;1;471.41113624;1;900000
7622984;1;1;1;247.31327494;1;900000
7622988;1;1;1;257.03285293;1;1480000
7623007;1;1;1;189.08480894;1;304000
7623012;1;1;1;286.75505215;1;456000
7623044;1;1;1;164.22761027;1;456000
7623055;1;1;1;72.479860079;1;600000
7623118;1;1;1;74.294458192;1;375000
7623418;1;1;1;1846.8483452;1;960000
7623478;1;1;1;277.08000293;1;450000
7623485;1;1;1;141.49682747;1;960000
7623490;1;1;1;210.05191533;1;960000
7623494;1;1;1;280.80163759;1;960000
7623500;1;1;1;157.59146671;1;960000
7623502;1;1;1;364.38537544;1;960000
7623504;1;1;1;268.16888005;1;225000
7623514;1;1;1;225.61024014;1;450000
7623644;1;1;1;84.223058828;1;480000
7623728;1;1;1;75.529870113;1;650000
7623762;1;1;1;37.931363012;1;900000
7623768;1;1;1;36.297449974;1;1920000
7624140;1;1;1;479.49229986;1;640000
7624242;1;1;1;188.1057546;1;152000
7624255;1;1;1;260.99162318;1;99
7624258;1;1;1;207.60970256;1;99
7624597;1;1;1;101.867039;1;225000
7624618;1;1;1;63.201870284;1;360000
7624619;1;1;1;63.201870284;1;300000
7624653;1;1;1;14.878614182;1;490000
7624662;1;1;1;14.878614182;1;2100000
7624689;1;1;1;156.35756946;1;1000000
7624717;1;1;1;228.02643747;1;225000
7624766;1;1;1;24.924029252;1;912000
7624779;1;1;1;31.340562649;1;912000
7624781;1;1;1;31.692122964;1;912000
7624798;1;1;1;44.779296638;1;350000
7624865;1;1;1;215.20826396;1;960000
7624905;1;1;1;127.66244951;1;1600000
7624934;1;1;1;155.58681489;1;360000
7624948;1;1;1;264.61954027;1;600000
7624949;1;1;1;264.61954027;1;480000
7624949;2;1;2;264.61954027;1;350000
7624955;1;1;1;194.05987192;2;1200000
7625044;1;1;1;181.24616344;1;1300000
7625052;1;1;1;341.79533919;1;765000
7625071;1;1;1;211.2469421;5;300000
7625127;1;1;1;33.089754601;1;300000
7625134;1;1;1;36.041262587;1;600000
7625200;1;1;1;583.2768324;1;400000
7625296;1;1;1;602.46248402;1;70800
7625345;1;1;1;354.09945515;1;456000
7625354;1;1;1;536.4625097;1;376000
7625355;1;1;1;296.58372762;1;608000
7625357;1;1;1;263.98108279;1;288000
7625369;1;1;1;246.58940097;1;304000
7625372;1;1;1;373.82855846;1;304000
7625569;1;1;1;20.815285435;1;280000
7625596;1;1;1;15.356462724;1;456000
7625598;1;1;1;102.65212161;1;456000
7625609;1;1;1;73.648161013;1;50000
7625630;1;1;1;31.054656478;1;100000
7625701;1;1;1;90.848412326;1;75000
7625731;1;1;1;90.323115493;1;84000
7625742;1;1;1;235.68500643;1;50000
7625755;1;1;1;193.38789117;5;2400000
7625758;1;1;1;201.61879075;1;1920000
7625976;1;1;1;91.288374334;1;50000
7625993;1;1;1;132.61938621;1;1600000
7626057;1;1;1;126.86793972;1;700000
7626070;1;1;1;192.91716327;1;228000
7626103;1;1;1;219.4344944;1;456000
7626115;1;1;1;263.32139328;1;456000
7626326;1;1;1;60.14925131;1;230000
7626378;1;1;1;47.752618014;1;450000
7626399;1;1;1;53.666596774;1;150000
7626404;1;1;1;53.175976215;1;150000
7626410;1;1;1;34.460255386;1;450000
7626425;1;1;1;47.593243643;1;300000
7626447;1;1;1;43.819498599;1;450000
7626450;1;1;1;25.24345062;2;99
7626456;1;1;1;50.817386134;1;280000
7626509;1;1;1;33.937122645;1;450000
7626512;1;1;1;22.932887678;1;2000000
7626536;1;1;1;89.050552326;1;900000
7626548;1;1;1;89.963324568;1;912000
7626701;1;1;1;9.3199491747;1;76000
7626703;1;1;1;12.844251731;1;156800
7626706;1;1;1;14.600645293;1;99
7626842;1;1;1;64.250234154;1;215000
7626851;1;1;1;69.385887936;1;146000
7626853;1;1;1;43.211636937;1;146000
7626962;1;1;1;51.861330624;1;304000
7626978;1;1;1;274.71194135;1;300000
7626985;1;1;1;190.82848921;1;320000
7627032;1;1;1;197.64487142;2;750000
7627044;1;1;1;149.18079317;1;750000
7627050;1;1;1;84.66186983;1;300000
7627054;1;1;1;55.265929307;1;228000
7627055;1;1;1;68.641594382;1;225000
7627057;1;1;1;116.60593843;1;225000
7627063;1;1;1;95.71719171;1;225000
7627070;1;1;1;110.20466121;1;310000
7627100;1;1;1;204.23076862;1;480000
7627107;1;1;1;62.2887474;1;320000
7627148;1;1;1;87.479905599;1;150000
7627221;1;1;1;1741.8327828;1;720000
7627221;2;1;2;1741.8327828;1;900000
7627542;1;1;1;634.62923648;1;400000
7627723;1;1;1;114.21404871;1;912000
7627761;1;1;1;596.49743305;1;700000
7627832;1;1;1;160.86553601;1;5000
7627863;1;1;1;128.31515201;2;760000
7628059;1;1;1;157.52575308;1;75000
7628148;1;1;1;101.71595257;1;912000
7628174;1;1;1;302.83549693;1;456000
7628185;1;1;1;196.99834241;1;456000
7628187;1;1;1;177.87613659;1;456000
7628196;1;1;1;189.87254884;1;456000
7628202;1;1;1;168.5537423;1;456000
7628327;1;1;1;8.9651227348;1;225000
7628371;1;1;1;6.3420579686;1;80000
7628480;1;1;1;40.486229988;1;760000
7628518;1;1;1;46.603511249;1;228000
7628541;1;1;1;9.7165938089;1;350000
7628710;1;1;1;22.1159753;1;375000
7628742;1;1;1;50.899699096;1;300000
7628768;1;1;1;16.559174727;1;50000
7628784;1;1;1;30.370251926;1;300000
7628826;1;1;1;40.705506099;1;456000
7628828;1;1;1;94.171582554;1;459000
7628833;1;1;1;58.881625935;1;456000
7628841;1;1;1;156.11013166;1;456000
7628842;1;1;1;147.0140896;1;825000
7628848;1;1;1;137.3069286;1;7400000
7628849;1;1;1;125.31778587;1;500000
7628853;1;1;1;137.31122113;1;456000
7628856;1;1;1;160.11725609;1;456000
7628871;1;1;1;135.70049954;1;760000
7628877;1;1;1;105.87857246;1;750000
7628997;1;1;1;435.44870693;1;100000
7628997;2;1;2;435.44870693;1;45000
7629010;1;1;1;460.45768937;1;100000
7629027;1;1;1;468.23688474;1;70000
7629031;1;1;1;332.64663433;1;70000
7629031;2;1;2;332.64663433;1;80000
7629031;3;1;3;332.64663433;1;50000
7629034;1;1;1;366.7896337;1;100000
7629040;1;1;1;507.95100793;1;100000
7629052;1;1;1;404.44273177;2;70000
7629120;1;1;1;15.989081063;1;912000
7629138;1;1;1;14.343916808;1;912000
7629140;1;1;1;15.298364365;1;450000
7629160;1;1;1;166.4094464;1;600000
7629205;1;1;1;90.643750232;1;1600000
7629223;1;1;1;73.637796814;1;270000
7629229;1;1;1;81.645645163;1;1600000
7629231;1;1;1;90.037726359;2;480000
7629281;1;1;1;85.885760409;2;800000
7629302;1;1;1;45.443049132;1;450000
7629338;1;1;1;111.62540812;1;900000
7629430;1;1;1;43.492536459;1;180000
7629430;2;1;2;43.492536459;1;200000
7629484;1;1;1;153.37395145;1;456000
7629534;1;1;1;75.004199106;1;456000
7629535;1;1;1;72.688534271;1;304000
7629536;1;1;1;102.81110219;1;450000
7629542;1;1;1;170.82669912;1;225000
7629549;1;1;1;54.619441478;1;1400000
7629553;1;1;1;144.83255284;1;153000
7629560;1;1;1;115.90352923;1;360000
7629567;1;1;1;94.229150622;1;36000
7629569;1;1;1;50.331035432;2;450000
7629571;1;1;1;57.154867063;1;300000
7629573;1;1;1;61.346029418;1;860000
7629574;1;1;1;65.635474345;1;300000
7629582;1;1;1;66.634935748;1;560000
7629584;1;1;1;82.609404715;1;500000
7629585;1;1;1;74.860542174;1;560000
7629587;1;1;1;65.19073068;1;500000
7629592;1;1;1;47.358282854;1;560000
7629593;1;1;1;85.395122687;1;500000
7629598;1;1;1;68.087347722;1;500000
7629665;1;1;1;42.924507528;1;142000
7629747;1;1;1;1455.6140368;1;60000
7629751;1;1;1;1424.753677;2;360000
7629774;1;1;1;8.8212349945;1;480000
7629794;1;1;1;16.550157282;1;600000
7629847;1;1;1;53.020638481;1;1600000
7629873;1;1;1;14.878614182;1;380000
7629976;1;1;1;19.581866019;1;304000
7629978;1;1;1;19.581866019;1;912000
7629991;1;1;1;210.12851359;1;1460000
7630052;1;1;1;214.5867147;1;2000000
7630061;1;1;1;17.813195881;1;99
7630067;1;1;1;15.704494252;1;99
7630088;1;1;1;198.70844761;1;640000
7630165;1;1;1;55.661826888;1;912000
7630202;1;1;1;133.7753573;1;300000
7630207;1;1;1;105.50545311;1;900000
7630209;1;1;1;67.315677211;1;900000
7630233;1;1;1;120.74874976;1;300000
7630234;1;1;1;49.992092534;1;300000
7630240;1;1;1;131.12888833;1;140000
7630246;1;1;1;191.34527707;1;450000
7630252;1;1;1;72.842081332;1;200000
7630254;1;1;1;61.504290983;1;456000
7630271;1;1;1;290.71036949;1;374000
7630441;1;1;1;242.33302727;1;456000
7630456;1;1;1;119.9552836;1;912000
7630468;1;1;1;109.97486595;1;25000
7630477;1;1;1;47.599223009;1;300000
7630478;1;1;1;61.994920489;1;225000
7630499;1;2;1;315.73524386;1;400000
7630620;1;1;1;342.92992078;1;900000
7630650;1;1;1;255.25986173;1;200000
7630655;1;1;1;180.63051958;2;350000
7630668;1;1;1;102.32888484;1;150000
7630790;1;1;1;257.96327673;1;700000
7630826;1;1;1;79.587708714;1;225000
7630835;1;1;1;97.894786998;1;420000
7630836;1;1;1;168.37618101;1;40000
7630871;1;1;1;53.00152267;1;760000
7631331;1;1;1;106.61230602;1;600000
7631335;1;1;1;118.22924039;1;304000
7631397;1;1;1;73.678968991;1;456000
7631473;1;1;1;160.87675469;1;160000
7631503;1;1;1;167.36907916;1;800000
7631531;1;2;1;106.23892582;3;1500000
7631535;1;1;1;98.952197538;1;48000
7631539;1;1;1;113.86162511;1;960000
7631540;1;1;1;108.51913146;1;375000
7631549;1;1;1;128.51107894;1;912000
7631553;1;1;1;97.927319195;1;76000
7631559;1;1;1;90.64898855;1;300000
7631569;1;1;1;117.80182236;1;375000
7631713;1;1;1;146.19321684;1;450000
7631715;1;1;1;90.318886941;1;760000
7631719;1;1;1;215.55313285;1;1280000
7631720;1;1;1;20.979498365;2;1920000
7631720;2;1;2;20.979498365;2;1920000
7631761;1;1;1;28.687200786;1;1920000
7632024;1;1;1;1983.07072;1;100000
7632080;1;1;1;131.02000428;1;1920000
7632111;1;1;1;484.45844445;1;76000
7632121;1;1;1;535.29266915;1;150000
7632167;1;1;1;69.847193811;1;280000
7632169;1;1;1;97.929659668;1;520000
7632182;1;1;1;69.980579229;1;160000
7632202;1;1;1;319.00503821;1;250000
7632227;1;1;1;218.67127023;1;32000
7632235;1;1;1;377.65170966;1;76000
7632308;1;1;1;130.70469475;1;380000
7632309;1;1;1;136.9469912;1;304000
7632310;1;1;1;221.34723649;1;304000
7632314;1;1;1;153.76137508;1;608000
7632315;1;1;1;269.59053657;1;304000
7632316;1;1;1;155.6135398;1;304000
7632317;1;1;1;131.18686002;1;304000
7632319;1;1;1;123.55153108;1;304000
7632320;1;1;1;263.54989589;1;304000
7632322;1;1;1;136.9469912;1;304000
7632511;1;1;1;49.385210589;2;960000
7632580;1;1;1;10.806415069;3;800000
7632600;1;1;1;12.869977517;1;450000
7632600;2;1;2;12.869977517;1;1400000
7632630;1;1;1;22.912025812;1;300000
7632864;1;1;1;27.610336662;1;820000
7633018;1;1;1;29.891866495;3;210000
7633062;1;1;1;32.520342267;1;456000
7633084;1;1;1;25.276061455;1;380000
7633169;1;1;1;51.938987673;1;120000
7633224;1;1;1;15.114701481;1;200000
7633239;1;1;1;11.498771309;1;200000
7633241;1;1;1;11.103753901;1;250000
7633243;1;1;1;19.879050761;1;300000
7633397;1;1;1;141.14844335;1;432000
7633398;1;1;1;125.25291737;1;456000
7633426;1;1;1;177.9861878;1;76000
7633439;1;1;1;265.42224947;1;228000
7633444;1;1;1;291.0306228;1;76000
7633449;1;1;1;193.62143078;1;228000
7633579;1;1;1;55.122962206;1;912000
7633730;1;1;1;160.24764159;1;420000
7633749;1;1;1;378.27869668;1;380000
7633823;1;1;1;362.62669809;1;300000
7633825;1;1;1;171.54240259;1;75000
7633826;1;1;1;75.709023082;1;900000
7633846;1;1;1;174.02772049;5;700000
7633901;1;1;1;108.81182693;1;75000
7633970;1;1;1;469.78226591;1;1480000
7634013;1;1;1;216.88977921;1;800000
7634015;1;1;1;70.436993007;1;228000
7634109;1;1;1;232.58624132;3;600000
7634110;1;1;1;202.96247781;1;350000
7634308;1;1;1;52.225518786;1;850000
7634311;1;1;1;28.338256666;1;750000
7634313;1;1;1;24.725328526;1;750000
7634419;1;1;1;175.4294166;3;400000
7634429;1;1;1;175.4294166;1;400000
7634454;1;1;1;258.53346505;1;2400000
7634499;1;1;1;48.33430887;1;450000
7634811;1;1;1;261.88477866;1;1330000
7634828;1;1;1;269.1031554;1;1256000
7634835;1;1;1;164.88695282;1;1800000
7634984;1;1;1;304.80890531;1;1920000
7635049;1;1;1;89.383230361;1;150000
7635053;1;1;1;79.074089557;1;750000
7635083;1;1;1;91.178430521;1;1800000
7635272;1;1;1;73.629523913;2;1824000
7635326;1;1;1;155.57204794;1;900000
7635327;1;1;1;209.39252228;1;912000
7635329;1;1;1;294.11952306;1;456000
7635331;1;1;1;155.57204794;1;375000
7635332;1;1;1;127.6003402;1;375000
7635368;1;1;1;117.10244781;1;456000
7635609;1;1;1;13.649549601;1;432000
7635663;1;1;1;29.334650587;1;450000
7635670;1;1;1;31.705505376;1;300000
7635676;1;1;1;53.460886483;1;450000
7635684;1;1;1;21.048108172;1;450000
7635778;1;1;1;61.589024982;1;80000
7635872;1;1;1;21.883044094;1;360000
7635872;2;1;2;21.883044094;1;360000
7635904;1;1;1;646.55478918;1;75000
7635933;1;1;1;629.81017875;1;456000
7635954;1;1;1;369.46475077;1;456000
7635982;1;1;1;13.464073524;1;204000
7636000;1;1;1;20.128697848;1;250000
7636021;1;1;1;128.91611186;1;228000
7636055;1;1;1;108.69865981;1;1400000
7636083;1;1;1;61.096843624;1;450000
7636125;1;1;1;99.768503246;1;76000
7636162;1;1;1;104.25273147;1;360000
7636164;1;1;1;100.4940695;1;450000
7636168;1;1;1;136.12749706;1;300000
7636188;1;1;1;55.519546393;1;360000
7636189;1;1;1;60.556263378;1;550000
7636199;1;1;1;53.919741661;1;650000
7636211;1;1;1;60.845547217;1;560000
7636223;1;1;1;84.778768729;1;750000
7636225;1;1;1;75.872859176;1;560000
7636246;1;1;1;119.75165469;1;1920000
7636274;1;1;1;103.92489128;1;456000
7636418;1;1;1;17.395255535;1;50000
7636446;1;1;1;11.411853533;1;1600000
7636455;1;1;1;23.569381757;1;2400000
7636535;1;1;1;402.12291927;1;160000
7636715;1;1;1;19.377593085;1;160000
7636720;1;1;1;51.654613934;1;160000
7636730;1;1;1;19.377593085;1;4250000
7636731;1;1;1;19.377593085;1;800000
7636733;1;1;1;19.377593085;1;230000
7636738;1;1;1;43.690557008;1;900000
7636755;1;1;1;19.377593085;1;900000
7636930;1;1;1;54.255592633;1;85000
7636964;1;1;1;431.66058466;2;288000
7636965;1;1;1;221.25013539;1;456000
7636987;1;1;1;265.06420158;1;450000
7636989;1;1;1;326.52989834;1;135000
7636991;1;1;1;83.529835021;1;150000
7637199;1;1;1;90.717246601;1;76000
7637239;1;1;1;152.06487644;1;580000
7637268;1;1;1;129.64317701;1;220000
7637270;1;1;1;124.31468865;1;995000
7637274;1;1;1;112.50168051;1;76000
7637425;1;1;1;515.33116212;1;210000
7637483;1;1;1;141.28545724;1;2560000
7637536;1;1;1;14.858913099;1;456000
7637559;1;1;1;20.856524309;1;912000
7637643;1;1;1;75.246917016;2;100000
7637685;1;1;1;89.100837867;1;76000
7637688;1;1;1;111.08171403;1;62000
7637694;1;1;1;125.21701972;1;70000
7637701;1;1;1;116.83781105;1;76000
7637704;1;1;1;80.232567011;1;220000
7637709;1;1;1;109.01942007;1;70000
7637713;1;1;1;80.232567011;1;350000
7637720;1;1;1;90.575253519;1;150000
7637724;1;1;1;23.748911015;1;1200000
7637740;1;1;1;28.802111886;1;450000
7637821;1;1;1;76.455457535;1;800000
7637831;1;1;1;1446.7354657;1;150000
7637873;1;1;1;89.005558039;1;160000
7637913;1;1;1;243.04879195;1;420000
7637917;1;1;1;485.60421166;1;560000
7637919;1;1;1;243.04879195;1;152000
7637931;1;1;1;169.56033484;1;228000
7637976;1;1;1;60.022809921;1;400000
7638014;1;1;1;60.303383806;1;600000
7638089;1;1;1;12.953416285;1;350000
7638109;1;1;1;3.4058709404;1;1200000
7638128;1;1;1;31.338737085;1;900000
7638289;1;1;1;10.133096642;1;400000
7638301;1;1;1;14.875597824;1;228000
7638322;1;1;1;23.713179952;4;1000000
7638328;1;1;1;23.713179952;2;100000
7638332;1;1;1;5.527916864;1;545000
7638357;1;1;1;5.928294988;1;455000
7638383;1;1;1;7.410368735;1;532000
7638447;1;1;1;15.354975223;1;280000
7638452;1;1;1;41.187935542;1;220000
7638455;1;1;1;23.309698088;1;246000
7638466;1;1;1;16.823765098;1;912000
7638480;1;1;1;42.325865823;1;912000
7638534;1;1;1;55.06680172;1;600000
7638591;1;1;1;26.109388947;1;300000
7638733;1;1;1;28.322591339;1;600000
7638778;1;1;1;23.543322073;1;1900000
7638823;1;1;1;39.644106895;1;150000
7640789;1;1;1;385.04996881;1;1800000
7640836;1;1;1;208.66259221;1;456000
7640880;1;1;1;165.82525293;1;2400000
7640968;1;1;1;125.89935379;1;375000
7640976;1;1;1;275.54820393;1;152000
7640984;1;1;1;307.2140688;1;152000
7640988;1;1;1;86.335377147;1;304000
7641017;1;1;1;216.99413899;1;225000
7641068;1;1;1;263.80340214;1;99
7641098;1;1;1;16.840440777;1;250000
7641203;1;1;1;82.088980373;1;300000
7641221;1;1;1;268.30078308;1;450000
7641237;1;1;1;296.52331637;1;912000
7641268;1;1;1;290.94197692;1;220000
7641274;1;1;1;130.99143297;1;150000
7641347;1;1;1;99.17070381;1;912000
7641363;1;1;1;59.309648415;1;228000
7641366;1;1;1;80.571359717;1;900000
7641370;1;1;1;105.19078313;1;450000
7641378;1;1;1;108.7346077;1;520000
7641383;1;1;1;46.381455415;1;375000
7641384;1;1;1;87.604275562;1;150000
7641453;1;1;1;220.89053272;1;200000
7641459;1;1;1;147.00987297;1;600000
7641480;1;1;1;52.377418047;2;225000
7641566;1;1;1;70.237681175;1;900000
7641656;1;1;1;396.64733251;1;160000
7641674;1;1;1;412.67578021;1;300000
7641944;1;1;1;192.60878955;1;456000
7641982;1;1;1;248.48504579;1;456000
7642162;1;1;1;4.7259610919;2;100000
7642211;1;1;1;11.985559903;1;1600000
7642251;1;1;1;12.408856775;1;12000000
7642290;1;1;1;38.230374868;1;800000
7642406;1;1;1;91.050821742;1;300000
7642413;1;1;1;223.85478399;1;450000
7642495;1;1;1;76.628908869;1;900000
7642512;1;1;1;126.80700548;2;6600000
7642517;1;1;1;214.11175378;1;820000
7642529;1;1;1;140.57627366;1;630000
7642574;1;1;1;66.740533007;1;525000
7642595;1;1;1;110.8356098;1;525000
7642688;1;1;1;258.31437108;1;230000
7642698;1;1;1;106.62029072;1;228000
7642801;1;1;1;1378.490411;1;1600000
7643018;1;1;1;158.98884884;1;600000
7643100;1;1;1;126.62501087;1;240000
7643103;1;1;1;190.20021399;1;750000
7643108;1;1;1;191.34761411;1;300000
7643142;1;1;1;448.48433831;1;1000000
7643190;1;1;1;79.0151637;2;840000
7643193;1;1;1;101.91468032;1;900000
7643194;1;1;1;216.47925568;1;210000
7643197;1;1;1;194.31296156;1;912000
7643200;1;1;1;80.878399091;1;150000
7643277;1;1;1;267.82135936;1;456000
7643284;1;1;1;305.59542567;1;456000
7643286;1;1;1;298.56132542;1;456000
7643297;1;1;1;321.11030966;1;456000
7643338;1;1;1;274.62505383;3;700000
7643339;1;1;1;202.00880643;1;450000
7643343;1;1;1;199.61711918;1;375000
7643360;1;1;1;101.80500914;1;300000
7643364;1;1;1;103.64987915;1;300000
7643371;1;1;1;88.568344276;1;972000
7643402;1;1;1;99.715534318;1;450000
7643521;1;1;1;13.656732147;1;960000
7643547;1;1;1;175.75968445;1;150000
7643605;1;1;1;1508.4679611;1;45000
7643605;2;1;2;1508.4679611;1;25000
7643605;3;1;3;1508.4679611;1;40000
7643612;1;2;1;1945.0859894;1;50000
7643612;2;2;2;1945.0859894;1;1320000
7643618;1;1;1;1508.4679611;1;150000
7643684;1;1;1;492.10475516;1;850000
7643698;1;1;1;132.73598394;1;225000
7643705;1;1;1;207.45728434;1;210000
7643710;1;1;1;423.27749749;1;304000
7643713;1;1;1;436.51207655;1;152000
7643733;1;1;1;189.27042065;1;450000
7643743;1;1;1;455.56612542;1;450000
7643799;1;1;1;13.228973074;1;680000
7643800;1;1;1;14.43160699;1;730000
7643801;1;1;1;14.43160699;1;912000
7643804;1;1;1;19.115178292;1;456000
7643806;1;1;1;14.781457843;1;2280000
7643807;1;1;1;13.94353921;1;456000
7643818;1;1;1;17.035110104;1;970000
7643832;1;1;1;4.6561271414;1;800000
7643895;1;1;1;4.0472539921;1;150000
7644204;1;1;1;86.918021417;1;300000
7715115;1;1;1;207.72638022;1;225000
7715166;1;1;1;222.73289822;1;680000
7715196;1;1;1;66.350648012;1;1920000
7715288;1;1;1;133.22370171;1;150000
7715333;1;1;1;175.45683493;1;900000
7715438;1;1;1;74.026479883;1;300000
7715460;1;1;1;95.736125614;1;150000
7715471;1;1;1;16.463345896;1;160000
7715618;1;1;1;62.218248675;1;1960000
7715624;1;1;1;134.46565133;1;456000
7715649;1;1;1;81.283039546;1;360000
7715663;1;1;1;56.722328796;1;360000
7715723;1;1;1;305.32525301;1;304000
7715726;1;1;1;215.37797456;1;225000
7715729;1;1;1;358.94827183;1;150000
7715732;1;1;1;268.81099726;1;220000
7715734;1;1;1;286.96461108;2;600000
7715737;1;1;1;295.10824589;1;120000
7715743;1;1;1;116.44067578;1;220000
7715745;1;1;1;106.61587981;1;450000
7715751;1;1;1;62.408101569;1;840000
7715755;1;1;1;176.60069285;2;480000
7715760;1;1;1;56.148736199;1;400000
7715761;1;1;1;67.116225618;1;210000
7715766;1;1;1;216.15119018;1;76000
7715775;1;1;1;69.331447023;1;750000
7715777;1;1;1;94.557541907;1;760000
7715779;1;1;1;119.86789002;1;900000
7715815;1;1;1;114.40980719;1;240000
7715836;1;1;1;319.00454839;1;500000
7715847;1;1;1;125.21725062;1;450000
7715936;1;1;1;1733.9537521;1;1920000
7715974;1;1;1;8.0229238783;1;3600000
7716000;1;1;1;4.8493278957;1;99
7716003;1;1;1;17.16288455;1;1920000
7716286;1;1;1;257.05754589;1;120000
7716302;1;1;1;27.19084952;1;300000
7716383;1;1;1;109.44048232;1;228000
7716411;1;1;1;117.29024378;1;150000
7716424;1;1;1;97.975352167;1;228000
7716440;1;1;1;226.03574209;1;220000
7716505;1;1;1;101.08758287;1;76000
7716557;1;1;1;171.07418907;1;278000
7716676;1;1;1;94.692224912;1;222000
7716724;1;1;1;109.38461467;1;75000
7716860;1;1;1;277.87719507;1;900000
7716904;1;1;1;155.04331221;1;1920000
7716918;1;1;1;110.56631175;1;304000
7716936;1;1;1;31.818417813;1;150000
7716947;1;1;1;12.879126298;1;450000
7717039;1;1;1;968.15376174;1;432000
7717061;1;1;1;795.95319611;3;790000
7717125;1;1;1;1224.7900664;1;456000
7717131;1;1;1;671.00714912;1;1817052
7717200;1;1;1;148.52502192;1;960000
7717232;1;1;1;227.27822086;1;230000
7717279;1;1;1;119.32705747;1;1580000
7717280;1;1;1;126.53680442;1;99
7717281;1;1;1;161.83011676;1;450000
7717359;1;1;1;158.15522326;1;280000
7717361;1;1;1;123.1979981;1;75000
7717363;1;1;1;144.70086204;1;76000
7717366;1;1;1;193.09315746;1;270000
7717399;1;1;1;113.65418918;2;920000
7717559;1;1;1;196.52967218;1;1000000
7717714;1;1;1;136.36827314;1;450000
7717814;1;1;1;64.318528609;1;90000
7717817;1;1;1;109.8517161;1;100000
7717833;1;1;1;63.827211079;1;160000
7717856;1;1;1;24.716636122;1;720000
7717856;2;1;2;24.716636122;2;420000
7718037;1;1;1;139.28804441;1;80000
7718049;1;1;1;299.26737468;1;1440000
7718052;1;1;1;298.76055901;1;1440000
7718161;1;1;1;238.91354734;1;970000
7718164;1;1;1;305.86189335;1;970000
7718168;1;1;1;146.51663942;1;750000
7718169;1;1;1;187.52982507;1;390000
7718173;1;1;1;183.36112185;1;970000
7718294;1;1;1;34.975709872;1;912000
7718296;1;1;1;33.316891907;1;608000
7718298;1;1;1;41.545598481;1;304000
7718308;1;1;1;41.401419193;1;324000
7718318;1;1;1;30.993008653;2;308000
7718320;1;1;1;154.37977361;1;608000
7718325;1;1;1;210.19390057;1;304000
7718330;1;1;1;77.927468042;1;304000
7718341;1;1;1;96.04662438;1;304000
7718349;1;1;1;94.420811538;1;304000
7718364;1;1;1;177.11258304;1;456000
7718394;1;1;1;130.95977434;1;912000
7718501;1;1;1;5.1406578205;1;160000
7718706;1;1;1;5.315304677;1;420000
7718715;1;1;1;13.649742452;1;420000
7719026;1;1;1;22.619758178;1;350000
7719026;2;1;2;22.619758178;1;400000
7719027;1;1;1;19.297604532;1;300000
7719203;1;1;1;415.71357844;1;228000
7719284;1;1;1;361.94295685;1;456000
7719449;1;1;1;358.71122011;1;450000
7719450;1;1;1;407.68502634;1;450000
7719451;1;1;1;426.67631301;1;450000
7719453;1;1;1;422.60724076;1;450000
7719459;1;1;1;469.4797181;1;450000
7719502;1;1;1;218.95413511;1;620000
7719504;1;1;1;171.96709132;1;228000
7719513;1;1;1;166.33250025;1;228000
7719529;1;1;1;183.60551975;1;304000
7719609;1;1;1;114.75817943;1;98
7719787;1;1;1;195.25302082;1;456000
7719960;1;1;1;124.01106599;1;228000
7720000;1;1;1;135.25074549;1;750000
7720030;1;1;1;311.38128312;1;450000
7720035;1;1;1;320.85469959;1;912000
7720048;1;1;1;80.523442603;1;750000
7720050;1;1;1;270.66273521;1;912000
7720133;1;1;1;97.066359773;1;900000
7720136;1;1;1;70.328390926;1;900000
7720165;1;1;1;221.18007845;1;450000
7720194;1;1;1;304.36916386;1;456000
7720235;1;1;1;247.84894638;1;900000
7720242;1;1;1;80.422300331;1;300000
7720332;1;1;1;69.402394127;1;456000
7720353;1;1;1;134.71177121;1;375000
7720356;1;1;1;61.510245011;1;960000
7720365;1;1;1;90.688818237;1;125000
7720367;1;1;1;230.37645536;1;380000
7720373;1;1;1;179.23294184;1;560000
7720484;1;1;1;227.18573863;1;150000
7720570;1;1;1;57.391838802;1;150000
7720629;1;1;1;72.599400823;1;300000
7720650;1;1;1;100.4849903;1;225000
7720666;1;1;1;256.00268681;1;240000
7720677;1;1;1;85.736040785;1;300000
7720690;1;1;1;65.666330553;1;76000
7720982;1;1;1;54.203170731;1;350000
7721104;1;1;1;20.902794211;1;200000
7721415;1;1;1;118.15771375;1;1920000
7721443;1;1;1;367.71258628;1;11600000
7721508;1;1;1;271.73181858;1;1600000
7721513;1;1;1;258.4902791;1;99
7721520;1;1;1;251.91971225;1;228000
7721523;1;1;1;190.43410633;1;225000
7721527;1;1;1;130.99143297;1;375000
7721534;1;1;1;107.33303104;1;375000
7721563;1;1;1;282.59091877;1;225000
7721668;1;1;1;119.76117997;1;912000
7721677;1;1;1;117.81797093;1;912000
7721708;1;1;1;77.453894339;1;300000
7721727;1;1;1;71.788224295;1;225000
7721735;1;1;1;34.480802513;1;225000
7721739;1;1;1;54.813523594;1;300000
7721751;1;1;1;131.68772952;1;300000
7721756;1;1;1;65.550705497;1;380000
7721986;1;1;1;275.25289289;1;152000
7722004;1;1;1;339.46955898;1;384000
7722128;1;1;1;38.193318087;1;140000
7722130;1;1;1;30.527410602;1;600000
7722135;1;1;1;122.10964241;1;158000
7722220;1;1;1;71.715678176;1;1600000
7722239;1;1;1;75.023826254;1;450000
7722318;1;1;1;150.96062941;1;450000
7722320;1;1;1;104.12665327;1;300000
7722333;1;1;1;83.529835021;1;240000
7722343;1;1;1;135.62743084;2;600000
7722346;1;1;1;252.1161102;1;600000
7722436;1;1;1;47.10274657;1;228000
7722439;1;1;1;152.42813072;1;99
7722440;1;1;1;42.022720245;1;906000
7722455;1;1;1;81.943707718;1;456000
7722456;1;1;1;222.01214593;1;456000
7722464;1;1;1;82.483049318;1;912000
7722475;1;1;1;39.514159504;1;840000
7722479;1;1;1;63.225797513;1;900000
7722484;1;1;1;35.518449666;1;900000
7722486;1;1;1;58.302939813;1;400000
7722487;1;1;1;24.752425448;1;800000
7722499;1;1;1;124.24204288;1;225000
7722500;1;1;1;97.822798784;1;300000
7722502;1;1;1;157.32533676;1;375000
7722525;1;1;1;119.18785387;1;450000
7722528;1;1;1;157.32533676;1;450000
7722550;1;1;1;52.23905188;1;450000
7722672;1;1;1;122.31421654;1;420000
7722674;1;1;1;162.63115044;1;750000
7722677;1;1;1;391.12506031;3;750000
7722681;1;1;1;265.35750349;1;990000
7722725;1;1;1;630.75166118;1;304000
7722753;1;1;1;35.083551349;1;456000
7722854;1;1;1;327.98251972;1;456000
7722911;1;1;1;60.190176621;1;350000
7722919;1;1;1;129.07178276;1;140000
7722920;1;1;1;143.79044998;1;304000
7723106;1;1;1;121.64691718;1;280000
7723122;1;1;1;150.03790406;1;920400
7723124;1;1;1;133.75325698;1;1000000
7723125;1;1;1;141.86741673;1;76000
7723127;1;1;1;144.51479621;1;600000
7723157;1;1;1;65.509461731;1;600000
7723170;1;1;1;69.738349312;1;600000
7723224;1;1;1;293.70609491;1;76000
7723438;1;1;1;55.825961653;1;1000000
7723604;1;1;1;90.291252377;1;420000
7723607;1;1;1;75.771380917;1;470000
7723672;1;1;1;66.242895701;1;800000
7723844;1;1;1;106.56673683;1;300000
7723879;1;1;1;270.49906605;1;228000
7724155;1;1;1;184.35840714;1;300000
7724353;1;1;1;443.40919679;1;228000
7724358;1;1;1;491.21096869;1;210000
7724366;1;1;1;288.42554086;1;450000
7724418;1;1;1;233.22714182;1;380000
7724429;1;1;1;160.90589876;1;380000
7724433;1;1;1;206.61302703;1;380000
7724439;1;1;1;291.54510724;1;380000
7724441;1;1;1;201.94016117;1;380000
7724464;1;1;1;331.28835686;1;380000
7724521;1;1;1;225.479382;1;456000
7724536;1;1;1;174.07729845;1;456000
7724581;1;1;1;101.28288815;1;1200000
7724609;1;1;1;219.15894987;1;150000
7724622;1;1;1;74.026753857;1;576000
7724954;1;1;1;2.6563104476;1;160000
7724961;1;1;1;2.6563104476;1;130000
7724980;1;1;1;2.6563104476;1;400000
7725140;1;1;1;15.9804085;1;450000
7725186;1;1;1;20.647196068;1;198000
7725219;1;1;1;6.9025841654;1;760000
7725277;1;1;1;33.002664228;1;156000
7725280;1;1;1;19.494575062;1;450000
7725314;1;1;1;32.814856945;1;225000
7725338;1;1;1;31.952187463;1;200000
7725350;1;1;1;32.236012571;1;150000
7725356;1;1;1;93.652349503;1;700000
7725412;1;1;1;40.489046752;1;456000
7725423;1;1;1;64.437828707;1;228000
7725457;1;1;1;65.078658417;1;304000
7725492;1;1;1;70.850948179;1;450000
7725666;1;1;1;50.947459783;1;160000
7725680;1;1;1;76.842150008;1;75000
7725697;1;1;1;47.410716135;1;450000
7725706;1;1;1;561.59489371;1;864000
7725753;1;1;1;185.17612431;1;26000
7725758;1;1;1;45.635904819;1;456000
7725759;1;1;1;45.680118096;1;400000
7725765;1;1;1;55.188656212;1;300000
7725766;1;1;1;47.717172006;1;456000
7725767;1;1;1;70.784647719;1;450000
7725768;1;1;1;38.730957311;1;300000
7725852;1;1;1;119.39721612;1;912000
7726043;1;1;1;102.24241926;1;1760000
7726108;1;1;1;121.34443817;1;456000
7726119;1;1;1;134.27875381;1;230000
7726140;1;1;1;148.76448696;1;70000
7726232;1;1;1;173.31499518;1;684000
7726237;1;1;1;156.70018953;1;228000
7726241;1;1;1;47.517650583;1;304000
7726247;1;1;1;41.121076825;1;76000
7726357;1;1;1;1514.4822595;1;820000
7726401;1;1;1;216.38626147;1;420000
7726402;1;1;1;330.51393286;1;420000
7726435;1;1;1;95.792581085;1;152000
7726554;1;1;1;228.7570716;1;2400000
7726563;1;1;1;18.069654678;1;99
7726596;1;1;1;28.588304399;1;1440000
7726606;1;1;1;29.915846497;2;960000
7726736;1;1;1;111.25445202;1;800000
7726764;1;1;1;84.338724208;1;2600000
7726764;2;1;2;84.338724208;1;400000
7726868;1;1;1;151.28357;1;810000
7726871;1;1;1;158.06981296;1;900000
7727351;1;1;1;10.363503641;1;200000
7727464;1;1;1;101.26000184;1;304000
7727472;1;1;1;125.17952565;1;304000
7727480;1;1;1;132.53672;1;228000
7727495;1;1;1;150.76787317;1;380000
7727497;1;1;1;230.76089461;1;246000
7727570;1;1;1;61.785066405;1;228000
7727575;1;1;1;36.889143138;1;450000
7727616;1;1;1;138.53299049;1;376000
7727652;1;1;1;80.19566908;1;22800
7727656;1;1;1;75.629889309;1;300000
7727659;1;1;1;56.938431635;1;200000
7727661;1;1;1;50.181910532;1;250000
7727722;1;1;1;145.45969088;1;90000
7727744;1;1;1;70.897741244;1;420000
7727745;1;1;1;64.286425367;1;375000
7727746;1;1;1;67.95382751;1;304000
7727747;1;1;1;64.286425367;1;560000
7727750;1;1;1;33.636007349;1;560000
7727753;1;1;1;63.820231772;1;450000
7727756;1;1;1;48.902307179;1;550000
7727757;1;1;1;61.010334149;1;225000
7727764;1;1;1;68.287935662;1;225000
7727899;1;1;1;1166.5353471;1;180000
7727932;1;1;1;1900.455341;1;550000
7727977;1;1;1;8.7849260679;1;600000
7727986;1;1;1;5.5019616344;1;99
7728067;1;1;1;98.352891594;1;450000
7728092;1;1;1;66.552130454;1;912000
7728155;1;1;1;273.67097303;1;900000
7728182;1;1;1;147.67443887;1;600000
7728215;1;1;1;110.91046057;1;216000
7728258;1;1;1;89.319467253;1;912000
7728260;1;1;1;102.2700863;1;912000
7728280;1;1;1;58.884963309;1;760000
7728282;1;1;1;156.90592006;1;912000
7728283;1;1;1;232.0209423;1;912000
7728284;1;1;1;102.9013235;1;900000
7728296;1;1;1;81.756325955;1;228000
7728303;1;1;1;149.74181518;1;912000
7728356;1;1;1;328.76129404;1;400000
7728385;1;1;1;225.41841737;1;500000
7728399;1;1;1;59.120013488;1;420000
7728400;1;1;1;37.041865942;1;225000
7728557;1;1;1;243.05306262;1;912000
7728566;1;1;1;216.7569987;1;70000
7728566;2;1;2;216.7569987;2;600000
7728566;1;2;1;216.7569987;2;600000
7728623;1;1;1;159.86812844;1;920000
7728646;1;1;1;109.43946936;1;450000
7728684;1;1;1;351.33441617;2;540000
7728750;1;1;1;347.1335245;1;456000
7728984;1;1;1;161.21416572;1;1200000
7728985;1;1;1;165.11741513;1;225000
7729108;1;1;1;167.44843645;1;300000
7729110;1;1;1;190.42293135;1;238000
7729143;1;1;1;95.340328257;1;1920000
7729317;1;1;1;68.44025393;1;750000
7729356;1;1;1;138.60560524;1;30000
7729400;1;1;1;157.69391194;1;480000
7729421;1;1;1;49.360846161;2;900000
7729437;1;1;1;46.456802712;1;225000
7729456;1;1;1;56.297597623;1;900000
7729462;1;1;1;32.561025018;1;218000
7729650;1;1;1;564.99968149;1;304000
7729662;1;1;1;599.43010134;1;210000
7729751;1;1;1;203.25523684;1;250000
7729759;1;1;1;228.48775967;1;210000
7729830;1;1;1;11.935035736;1;210000
7730260;1;1;1;19.020518252;1;1050000
7730293;1;1;1;18.066060827;1;450000
7730300;1;1;1;25.516224597;1;400000
7730303;1;1;1;6.3790561492;1;420000
7730310;1;1;1;6.3790561492;1;990000
7730312;1;1;1;42.309776389;1;450000
7730494;1;1;1;1081.2091464;1;208000
7730656;1;1;1;291.53515542;1;1620000
7730661;1;1;1;202.01194104;4;620000
7730834;1;1;1;279.69026468;1;375000
7730845;1;1;1;243.51400074;1;440000
7730851;1;1;1;301.24829011;1;280000
7730950;1;1;1;370.29961372;1;600000
7730952;1;1;1;327.71668614;1;750000
7730991;1;1;1;323.1381276;1;210000
7730997;1;1;1;171.81036046;1;380000
7731004;1;1;1;95.340993179;1;760000
7731085;1;1;1;77.808007453;1;304000
7731157;1;1;1;16.870562845;1;304000
7731159;1;2;1;37.591912441;1;304000
7731160;1;1;1;15.768147541;1;912000
7731166;1;1;1;26.973054959;1;228000
7731169;1;1;1;35.140834058;1;228000
7731170;1;1;1;32.077277116;1;152000
7731175;1;1;1;30.494112783;1;228000
7731186;1;1;1;20.716185278;1;76000
7731444;1;1;1;130.78225806;1;456000
7731504;1;1;1;184.37624995;1;450000
7731505;1;1;1;172.19602115;1;760000
7731517;1;1;1;377.03034612;1;456000
7731518;1;1;1;216.9718937;1;456000
7731522;1;1;1;248.17315393;1;456000
7731540;1;1;1;43.230549139;1;150000
7731541;1;1;1;75.366329609;1;150000
7731542;1;1;1;88.51691106;1;450000
7731551;1;1;1;384.67633693;1;150000
7731555;1;1;1;426.91520511;1;150000
7732240;1;1;1;54.280880829;1;1520000
7732375;1;1;1;201.05493152;3;1800000
7732911;1;1;1;21.111857783;1;840000
7732997;1;1;1;25.920207504;1;304000
7733012;1;1;1;16.727217785;1;912000
7733067;1;1;1;249.60040499;1;240000
7733172;1;1;1;129.19001336;1;68000
7733193;1;1;1;186.66911129;2;1920000
7733224;1;1;1;187.48303577;1;1600000
7733276;1;1;1;69.276161172;1;380000
7733278;1;1;1;70.129120223;1;420000
7733288;1;1;1;52.732367336;1;375000
7733297;1;1;1;350.0902724;1;210000
7733300;1;1;1;359.39621403;1;532000
7733312;1;1;1;450.37671788;1;380000
7733313;1;1;1;259.30817849;1;210000
7733314;1;1;1;342.0269738;1;228000
7733339;1;1;1;63.493926636;1;228000
7733346;1;1;1;43.657078303;1;150000
7733349;1;1;1;66.117466637;2;608000
7733357;1;1;1;52.987580531;1;800000
7733362;1;1;1;43.525046309;1;228000
7733363;1;1;1;56.619158114;1;304000
7733366;1;1;1;59.76123604;1;375000
7733371;1;1;1;37.060757032;1;450000
7733373;1;1;1;88.688753697;1;75000
7733469;1;1;1;2678.7626931;1;60000
7733491;1;1;1;1841.3288762;1;170000
7733584;1;1;1;1053.7211618;1;400000
7733636;1;1;1;1987.9305304;1;50000
7733637;1;1;1;2049.4692956;1;195000
7733638;1;1;1;2332.0366717;1;300000
7733979;1;1;1;593.63173569;1;150000
7734005;1;1;1;196.21567715;1;456000
7734005;2;1;2;196.21567715;1;480000
7734008;1;1;1;191.07539441;1;456000
7734016;1;1;1;161.75266836;1;1920000
7734041;1;1;1;165.34084976;1;1920000
7734075;1;1;1;546.81383875;1;75000
7734077;1;1;1;423.38235456;1;150000
7734090;1;1;1;451.63357836;1;225000
7734094;1;1;1;683.36582747;1;370000
7734177;1;1;1;177.18346884;1;420000
7734329;1;1;1;1356.6671747;1;350000
7734383;1;1;1;1801.3223705;1;2000000
7734457;1;1;1;1050.2784084;2;650000
7734577;1;1;1;810.63784215;1;900000
7734592;1;1;1;1274.9375445;1;400000
7734702;1;1;1;1060.3625777;1;1200000
7734707;1;1;1;1163.4840735;1;2100000
7734789;1;1;1;9.7033584939;1;720000
7734821;1;1;1;13.695980643;1;700000
7734826;1;1;1;14.595126339;1;30000
7734855;1;1;1;9.5331455089;1;3000000
7734966;1;1;1;8.8754169934;1;1460000
7735010;1;1;1;11.522757919;1;99
7735032;1;1;1;14.112154425;1;800000
7735042;1;1;1;9.0629019843;1;200000
7735069;1;1;1;6.6309900744;1;200000
7735206;1;1;1;645.58781253;1;700000
7735284;1;1;1;467.82556631;1;5000
7735304;1;1;1;34.679707194;1;500000
7735523;1;1;1;226.01244247;4;99
7735613;1;1;1;190.8114548;1;600000
7735908;1;1;1;244.28027849;1;430000
7736101;1;1;1;318.24418851;1;200000
7736396;1;1;1;662.94700986;1;76000
7736433;1;1;1;305.36687398;1;480000
7736447;1;1;1;514.81023342;1;540000
7736469;1;1;1;83.564359443;1;99
7736473;1;1;1;155.72905855;1;70000
7736603;1;1;1;193.76563228;1;1160000
7736732;1;1;1;32.531339378;1;1760000
7736771;1;1;1;21.311887729;1;380000
7736863;1;1;1;39.069947628;1;900000
7736890;1;1;1;11.650198752;1;228000
7737035;1;1;1;12.189063682;1;304000
7737074;1;1;1;16.613139168;1;228000
7737158;1;1;1;11.442080603;1;780000
7737163;1;1;1;10.941293167;1;700000
7737263;1;1;1;164.30254812;1;450000
7737347;1;1;1;10.173117146;1;864000
7737398;1;1;1;15.110538966;1;912000
7737497;1;1;1;39.879226676;1;350000
7737779;1;1;1;36.128162635;1;8400000
7737813;1;1;1;25.540238821;1;1300000
7737823;1;1;1;51.823970232;1;304000
7737842;1;1;1;21.075102446;1;912000
7737861;1;1;1;39.853632644;1;228000
7737872;1;1;1;90.035619615;1;912000
7737898;1;1;1;24.229997816;1;760000
7738265;1;1;1;450.67693951;1;456000
7738519;1;1;1;19.821304648;1;300000
7738570;1;1;1;169.89156963;1;456000
7738575;1;1;1;15.598730164;1;456000
7738586;1;1;1;20.434966125;1;750000
7738599;1;1;1;18.41782827;1;350000
7738625;1;1;1;4.710766995;1;500000
7738651;1;1;1;14.214061787;1;228000
7738666;1;1;1;17.062393431;1;450000
7738670;1;1;1;7.4880503958;1;456000
7738683;1;1;1;13.687207028;1;438000
7738686;1;1;1;12.048937094;1;456000
7738930;1;1;1;145.1315896;1;456000
7738988;1;1;1;18.639286775;1;500000
7738990;1;1;1;18.639286775;1;500000
7738999;1;1;1;37.563170153;1;400000
7739017;1;1;1;61.759063266;1;760000
7739019;1;1;1;42.661449606;1;600000
7739045;1;1;1;50.045918625;2;500000
7739046;1;1;1;50.045918625;1;600000
7739048;1;1;1;50.045918625;1;300000
7739049;1;1;1;50.045918625;1;600000
7739052;1;1;1;55.188386235;1;300000
7739053;1;1;1;55.188386235;1;300000
7739054;1;1;1;104.6269329;2;1000000
7739056;1;1;1;112.74824586;1;900000
7739057;1;1;1;80.181287128;1;250000
7739126;1;1;1;109.92759066;1;210000
7739303;1;1;1;7.1031303705;1;2100000
7739813;1;1;1;185.22893495;1;152000
7740052;1;1;1;267.69100544;1;160000
7740689;1;1;1;35.426107908;1;240000
7740921;1;1;1;150.63475763;1;912000
7741040;1;1;1;21.741586687;1;300000
7741052;1;1;1;19.946794342;1;360000
7741396;1;1;1;223.01577747;1;912000
7741471;1;1;1;11.794500969;1;150000
7741473;1;1;1;20.679223091;1;350000
7741475;1;1;1;19.997397811;2;600000
7741476;1;1;1;11.023361035;1;200000
7741477;1;1;1;18.388936307;1;300000
7741488;1;1;1;21.701544968;2;700000
7741635;1;1;1;15.309790105;1;1500000
7741679;1;1;1;20.786054783;1;375000
7741733;1;1;1;13.128751774;1;450000
7741771;1;1;1;14.426394725;1;268000
7741955;1;1;1;9.3356113393;1;150000
7742069;1;1;1;82.314177718;1;156000
7742073;1;1;1;82.308838171;1;438000
7742088;1;1;1;85.334927217;1;150000
7742346;1;1;1;32.189346178;1;400000
7742352;1;1;1;17.093119349;1;2000000
7742355;1;1;1;34.119371407;1;150000
7742376;1;1;1;33.979981961;1;150000
7742382;1;1;1;48.652639868;1;304000
7742399;1;1;1;18.393024346;1;228000
7742412;1;1;1;68.388448158;1;500000
7742425;1;1;1;53.544708451;1;150000
7742466;1;1;1;17.504096584;1;360000
7742476;1;1;1;39.840977387;1;210000
7742477;1;1;1;147.1164272;1;152000
7742482;1;1;1;31.929274376;1;450000
7742492;1;1;1;13.267901951;1;310000
7742494;1;1;1;28.381577223;1;450000
7742500;1;1;1;12.061729046;1;780000
7742501;1;1;1;38.790403829;1;450000
7742530;1;1;1;39.134357203;1;500000
7742531;1;1;1;30.698563606;1;800000
7742539;1;1;1;35.974977792;1;250000
7742574;1;1;1;31.518266807;1;100000
7742577;1;1;1;79.889769252;1;400000
7742580;1;1;1;81.087402194;1;450000
7742657;1;1;1;39.441461911;1;432000
7742679;1;1;1;24.398268224;1;840000
7742689;1;1;1;44.749898065;1;304000
7743566;1;1;1;162.26397684;2;300000
7743758;1;1;1;194.35770092;1;800000
7744162;1;1;1;129.38485945;1;450000
7744196;1;1;1;132.33433381;1;400000
7744240;1;1;1;223.72563228;1;400000
7744327;1;1;1;140.6191308;1;2800001
7744331;1;1;1;116.07141799;1;376000
7744337;1;1;1;91.284589878;1;240000
7744344;1;1;1;85.726448318;1;140000
7744354;1;1;1;145.70032855;1;225000
7744357;1;1;1;142.12427432;1;300000
7744365;1;1;1;134.90713158;1;400000
7744400;1;1;1;183.91091765;1;420000
7744404;1;1;1;162.83752328;2;532000
7744437;1;1;1;166.26344566;1;420000
7744487;1;1;1;192.12326924;1;611200
7744538;1;1;1;136.17486788;1;916800
7744660;1;1;1;358.75009392;1;280000
7744711;1;1;1;198.3228096;1;60000
7744717;1;1;1;246.18123274;3;180000
7744719;1;1;1;290.48208146;1;300000
7744733;1;1;1;130.23662521;1;240000
7744814;1;1;1;204.68863163;1;360000
7744816;1;1;1;138.1435782;1;360000
7744834;1;1;1;104.15992927;1;360000
7744836;1;1;1;165.44375304;1;360000
7744977;1;1;1;177.24419776;1;60000
7744989;1;1;1;148.66123762;1;1400000
7745005;1;1;1;156.11835367;1;1640000
7745347;1;1;1;113.28357242;1;228000
7745363;1;1;1;70.715882361;1;2800000
7745384;1;1;1;145.9162433;1;525000
7745404;1;1;1;148.3123103;1;560000
7745407;1;1;1;181.46290569;1;225000
7745418;1;1;1;101.61773309;1;1560000
7745434;1;1;1;227.71807469;1;450000
7745434;2;1;2;227.71807469;1;6000000
7745436;1;1;1;149.23198252;1;300000
7745437;1;1;1;80.837856003;1;2280000
7745458;1;1;1;147.95602978;1;540000
7745462;1;1;1;141.2908916;1;900000
7745464;1;1;1;165.41367101;1;450000
7745469;1;1;1;134.82673202;1;130000
7745480;1;1;1;136.10605073;1;900000
7745481;1;1;1;108.45247855;1;1200000
7745488;1;1;1;102.24885223;1;304000
7745497;1;1;1;127.92371184;2;350000
7745512;1;1;1;208.31622037;1;260000
7745519;1;1;1;231.46856369;1;912000
7745539;1;1;1;218.73127494;1;840000
7745558;1;1;1;214.35973913;1;456000
7745559;1;1;1;253.16232576;1;960000
7745576;1;1;1;228.55350516;1;787000
7745578;1;1;1;209.22868478;2;230000
7745583;1;1;1;224.48546849;1;900000
7745584;1;1;1;222.83043863;1;450000
7745586;1;1;1;209.22868478;1;750000
7745587;1;1;1;225.00911957;1;900000
7745588;1;1;1;211.61210617;1;200000
7745593;1;1;1;330.94324971;1;1350000
7745599;1;1;1;234.42775341;1;1320000
7745605;1;1;1;257.93108931;1;1695000
7745616;1;1;1;242.86878673;2;9600000
7745618;1;1;1;250.81215679;1;3700000
7745630;1;1;1;282.82040689;1;2100000
7745635;1;1;1;268.72202141;1;1200000
7745641;1;1;1;282.82040689;1;423000
7745645;1;1;1;251.54518194;1;1400000
7745658;1;1;1;242.83619118;1;225000
7745660;1;1;1;236.48490089;1;456000
7745673;1;1;1;228.55350516;1;1200000
7745675;1;1;1;250.29279315;3;450000
7745677;1;1;1;222.83043863;1;880000
7745678;1;1;1;249.39720103;1;400000
7745681;1;1;1;236.09902713;1;2340000
7745683;1;1;1;229.51768336;2;1200000
7745686;1;1;1;209.22868478;1;2700000
7745687;1;1;1;248.92224827;1;400000
7745687;2;1;2;248.92224827;2;2160000
7745704;1;1;1;282.64616468;1;4000000
7745715;1;1;1;308.56817567;1;1400000
7745722;1;1;1;227.7464658;1;2700000
7745725;1;1;1;200.07527788;1;450000
7745730;1;1;1;229.5195219;1;560000
7745733;1;1;1;218.96174133;1;720000
7745737;1;1;1;225.12873987;1;410000
7745755;1;1;1;320.55170492;1;1400000
7745756;1;1;1;303.18724585;1;1000000
7745762;1;1;1;225.60187367;1;2310000
7745765;1;1;1;292.59069691;1;800000
7745775;1;1;1;227.787945;1;720000
7745784;1;1;1;316.27911049;1;9600000
7745791;1;1;1;310.00680719;1;800000
7745794;1;1;1;218.81658913;1;210000
7745800;1;1;1;240.85791546;1;50000
7745803;1;1;1;287.57929522;1;600000
7745806;1;1;1;209.22868478;1;420000
7745809;1;1;1;242.91469675;1;300000
7745810;1;1;1;237.98838285;1;300000
7745838;1;1;1;257.95637706;1;140000
7745858;1;1;1;271.64336721;1;380000
7745865;1;1;1;294.33906632;1;300000
7745879;1;1;1;177.81120295;1;456000
7745888;1;1;1;247.68633256;1;456000
7745946;1;1;1;142.44922637;1;450000
7745952;1;1;1;134.46316351;1;2000000
7745956;1;1;1;158.80649315;1;500000
7745961;1;1;1;200.20322398;1;1000000
7745980;1;1;1;179.69243143;1;420000
7746000;1;1;1;202.93806495;1;600000
7746001;1;1;1;213.3580547;1;2000000
7746004;1;1;1;211.82416738;1;2000000
7746009;1;1;1;81.311835366;1;1400000
7746013;1;1;1;101.24757141;1;500000
7746014;1;1;1;113.92266853;1;700000
7746018;1;1;1;184.31529719;1;700000
7746021;1;1;1;128.85017008;1;380000
7746025;1;1;1;139.86485941;1;500000
7746037;1;1;1;172.73114745;1;470000
7746058;1;1;1;145.48098056;1;600000
7747435;1;1;1;96.735968814;1;350000
7747560;1;1;1;584.71661284;1;456000
7747564;1;1;1;525.19147377;1;7456000
7747611;1;1;1;280.90498513;1;912000
7747642;1;1;1;245.58126843;1;900000
7747661;1;1;1;246.83252274;1;228000
7747799;1;1;1;42.805108036;1;420000
7747880;1;1;1;52.25861656;1;228000
7748019;1;1;1;151.97184707;1;500000
7748043;1;1;1;141.4009542;1;1600000
7748232;1;1;1;10.426125069;1;900000
7748272;1;1;1;16.890413733;1;456000
7748467;1;1;1;409.4089516;1;228000
7748498;1;1;1;380.50493763;1;1950000
7748516;1;1;1;224.06554423;1;98
7748642;1;1;1;178.53949177;1;228000
7748644;1;1;1;133.31560836;1;456000
7748656;1;1;1;236.26558833;1;380000
7748658;1;1;1;193.2736658;1;380000
7748881;1;1;1;7.1951182082;1;800000
7748882;1;1;1;7.1951182082;1;1240000
7748883;1;1;1;23.572888976;1;99
7748884;1;1;1;7.1951182082;2;99
7748885;1;1;1;35.25607922;1;750000
7748887;1;1;1;35.25607922;1;99
7749014;1;1;1;5.9959318402;1;520000
7749124;1;1;1;31.730471298;1;375000
7749530;1;1;1;27.574351827;1;304000
7749531;1;1;1;17.141724251;1;304000
7749557;1;1;1;11.953330535;1;836000
7749560;1;1;1;11.164492724;1;380000
7749622;1;1;1;87.33200556;1;228000
7749658;1;1;1;75.830212447;1;200000
7749658;2;1;2;75.830212447;1;99
7749836;1;1;1;72.34823622;1;375000
7749840;1;1;1;46.389713839;1;2000000
7749841;1;1;1;77.075931219;1;300000
7750061;1;1;1;148.42174424;1;350000
7750120;1;1;1;105.26703674;1;900000
7750262;1;1;1;12.498304256;1;100000
7750271;1;1;1;15.700357859;1;200000
7750272;1;1;1;11.856555921;1;300000
7750965;1;1;1;342.06684354;1;32400000
7751089;1;1;1;51.075621429;1;300000
7751099;1;1;1;29.603357401;1;300000
7751119;1;1;1;31.053824484;1;900000
7751356;1;1;1;38.075176357;1;912000
7751359;1;1;1;5.1440061828;1;456000
7751371;1;1;1;724.38344076;1;456000
7751375;1;1;1;391.07010901;1;152000
7751379;1;1;1;13.998560362;1;350000
7751385;1;1;1;12.71394195;1;900000
7751397;1;1;1;10.422188707;1;152000
7751399;1;1;1;7.479310523;1;675000
7751401;1;1;1;10.58818248;1;450000
7751403;1;1;1;13.094188973;1;350000
7751429;1;1;1;11.954615918;1;350000
7751485;1;1;1;389.82503844;1;152000
7751517;1;1;1;29.654285519;1;438000
7751528;1;1;1;19.053654048;1;1400000
7751539;1;1;1;28.719891411;1;445000
7751541;1;1;1;17.417424954;2;745600
7751546;1;1;1;13.182919097;1;456000
7751547;1;1;1;28.493954424;1;450000
7751558;1;1;1;12.011102338;1;450000
7751560;1;1;1;33.909555792;1;450000
7751562;1;1;1;24.301221585;1;456000
7751583;1;1;1;22.786488975;1;456000
7751599;1;1;1;10.931181495;1;450000
7751609;1;1;1;17.027937559;1;456000
7751728;1;1;1;51.313598504;1;912000
7751729;1;1;1;65.266000517;1;228000
7751746;1;1;1;103.53379057;1;900000
7751781;1;1;1;1986.5231091;1;3660000
7751814;1;1;1;1523.9354179;1;810000
7751856;1;1;1;17.383355905;2;99
7752113;1;1;1;37.161899228;1;304000
7752122;1;1;1;40.098376882;1;720000
7752163;1;1;1;59.075952258;1;912000
7752175;1;1;1;126.3142218;1;900000
7752186;1;1;1;18.454225101;1;225000
7752200;1;1;1;57.816479195;1;375000
7752205;1;1;1;73.431555791;1;920000
7752225;1;1;1;135.93718458;1;900000
7752266;1;1;1;175.20549471;2;4800000
7752287;1;1;1;81.673340892;1;210000
7752318;1;1;1;118.1181049;1;4050000
7752343;1;1;1;49.564714532;1;900000
7752355;1;1;1;106.4680201;1;900000
7752440;1;1;1;89.190577314;1;444000
7752443;1;1;1;32.354567447;1;840000
7752509;1;1;1;92.406889586;2;816000
7752626;1;1;1;161.44921098;1;450000
7752715;1;1;1;20.322021751;1;912000
7752729;1;1;1;47.626857036;1;228000
7752730;1;1;1;53.493136042;1;228000
7752765;1;1;1;138.44862082;1;380000
7752777;1;1;1;74.346069813;1;70000
7752856;1;1;1;641.31749968;1;600000
7752906;1;1;1;143.74260841;1;225000
7752926;1;1;1;335.94043945;1;400000
7752927;1;1;1;206.7105534;1;150000
7752932;1;1;1;236.59507771;1;1690000
7752944;1;1;1;255.35699571;1;600000
7752948;1;1;1;176.93088817;1;970000
7752953;1;1;1;191.41595453;1;1920000
7752960;1;1;1;383.0031486;1;450000
7752962;1;1;1;236.66511799;1;450000
7752968;1;1;1;435.6816688;1;820000
7752970;1;1;1;176.90216135;1;450000
7752971;1;1;1;265.01001311;1;450000
7752973;1;1;1;415.29637385;1;450000
7752974;1;1;1;327.77274154;1;450000
7752981;1;1;1;281.12369922;1;450000
7753002;1;1;1;457.29898406;1;1920000
7753006;1;1;1;68.064234307;1;380000
7753032;1;1;1;258.63585498;1;456000
7753071;1;1;1;248.93669533;1;912000
7753258;1;1;1;17.240296094;1;76000
7753274;1;1;1;18.640214241;1;300000
7753304;1;1;1;21.797052078;1;152000
7753316;1;1;1;21.797052078;1;840000
7753318;1;1;1;10.650147753;1;200000
7753321;1;1;1;21.797052078;1;850000
7753349;1;1;1;14.124640175;1;380000
7753361;1;1;1;16.051674229;1;304000
7753369;1;1;1;9.7435022774;1;152000
7753371;1;1;1;9.7435022774;1;304000
7753376;1;1;1;11.515672041;1;152000
7753394;1;1;1;43.891069678;1;350000
7753742;1;1;1;192.80079144;1;420000
7753916;1;1;1;31.461080605;1;450000
7753941;1;1;1;48.805261451;1;600000
7753958;1;1;1;95.466043777;2;1600000
7754082;1;1;1;221.54887141;1;380000
7754090;1;1;1;124.24762112;1;588000
7754093;1;1;1;208.09284656;1;380000
7754099;1;1;1;55.412474087;1;380000
7754111;1;1;1;102.56255665;1;228000
7754122;1;1;1;76.498490469;1;304000
7754123;1;1;1;49.861815073;1;250000
7754132;1;1;1;86.527551975;1;380000
7754134;1;1;1;132.38036764;1;375000
7754139;1;1;1;109.20854642;1;304000
7754145;1;1;1;90.790197436;1;900000
7754185;1;1;1;130.98947421;1;1600000
7754217;1;1;1;196.72763845;1;560000
7754222;1;1;1;154.28878859;1;370000
7754234;1;1;1;139.70844565;1;150000
7754252;1;1;1;210.22903402;1;560000
7754271;1;1;1;58.25413657;1;150000
7754278;1;1;1;45.098490286;1;360000
7754287;1;1;1;69.284140606;1;450000
7754344;1;1;1;249.73266817;1;152000
7754371;1;1;1;310.71501178;1;225000
7754405;1;1;1;42.408585275;1;2500000
7754408;1;1;1;105.77333617;1;420000
7754409;1;1;1;92.153583981;1;840000
7754413;1;1;1;84.687996697;1;420000
7754421;1;1;1;44.065239062;1;750000
7754458;1;1;1;50.15777215;1;500000
7754517;1;1;1;58.623024119;1;225000
7754521;1;1;1;1811.7358954;1;600000
7754555;1;1;1;1805.4462256;2;250000
7754609;1;1;1;1195.2539479;1;300000
7754611;1;1;1;1246.5504866;1;600000
7754617;1;1;1;940.88002608;5;200000
7754641;1;1;1;11.155160548;1;120000
7754655;1;1;1;22.007846537;1;500000
7754683;1;1;1;16.8536552;1;3600000
7754686;1;1;1;11.155160548;1;3600000
7754688;1;1;1;14.623327143;1;2000000
7754701;1;1;1;6.7457447021;1;1800000
7754714;1;1;1;7.0701195105;1;3000000
7754719;1;1;1;5.5019616344;1;950000
7754754;1;1;1;16.625250268;1;500000
7754799;1;1;1;21.515138071;1;1800000
7754803;1;1;1;19.559216428;1;700000
7754805;1;1;1;17.929281726;1;3600000
7754819;1;1;1;33.776721016;1;900000
7754829;1;1;1;38.572509648;1;680000
7754836;1;1;1;126.3142218;1;375000
7754837;1;1;1;24.2911965;1;912000
7754841;1;1;1;24.2911965;1;400000
7754842;1;1;1;24.2911965;1;900000
7754843;1;1;1;24.2911965;1;420000
7754844;1;1;1;24.2911965;1;800000
7754845;1;1;1;24.2911965;1;900000
7754853;1;1;1;75.161422954;1;912000
7754866;1;1;1;45.687030372;1;912000
7754877;1;1;1;154.63254835;1;304000
7754907;1;1;1;104.61948017;1;300000
7755146;1;1;1;84.709043188;1;150000
7755147;1;1;1;80.868426984;1;152000
7755153;1;1;1;70.879320638;1;300000
7755167;1;1;1;78.970248113;1;456000
7755192;1;1;1;44.839815954;1;304000
7755203;1;1;1;81.756325955;1;304000
7755212;1;1;1;84.767834498;1;912000
7755214;1;1;1;226.71061218;1;225000
7755224;1;1;1;38.225524268;1;750000
7755294;1;1;1;173.05234751;1;960000
7755403;1;1;1;166.54247311;1;456000
7755479;1;1;1;401.04492047;1;76000
7755505;1;1;1;216.32233401;1;1200000
7755510;1;1;1;250.90538833;1;480000
7755528;1;1;1;115.71713339;1;250000
7755707;1;1;1;41.186068441;1;500000
7755718;1;1;1;98.209138921;1;450000
7755727;1;1;1;24.752425448;1;960000
7755816;1;1;1;44.965619548;1;240000
7755897;1;1;1;264.34828264;1;608000
7755944;1;1;1;882.1279487;1;800000
7755967;1;1;1;21.612967034;1;228000
7756009;1;1;1;184.50570227;1;76000
7756066;1;1;1;82.221122567;1;420000
7756069;1;1;1;110.41114462;1;306000
7756142;1;1;1;100.37660597;1;350000
7756172;1;1;1;129.97889146;1;1200000
7756179;1;1;1;126.34069346;1;480000
7756211;1;1;1;257.36947184;1;40000
7756214;1;1;1;92.534503416;1;500000
7756233;1;1;1;82.798494148;1;800000
7756317;1;1;1;81.134548264;1;1920000
7756328;1;1;1;48.093479652;1;228000
7756555;1;1;1;125.2140363;2;99
7756612;1;1;1;358.63228038;2;140000
7756651;1;1;1;8.6790061476;1;150000
7756710;1;1;1;42.199353417;1;600000
7756764;1;1;1;1355.260618;1;80000
7756836;1;1;1;359.4505516;1;230000
7756867;1;1;1;105.27069003;1;220000
7756871;1;1;1;183.44663743;1;456000
7756875;1;1;1;166.72957294;1;225000
7756890;1;1;1;166.72957294;1;912000
7757006;1;1;1;149.86612592;1;1920000
7757016;1;1;1;457.90382539;1;1940000
7757018;1;1;1;319.64908835;1;1940000
7757019;1;1;1;336.5970376;1;420000
7757030;1;1;1;216.29166863;1;1920000
7757041;1;1;1;387.01489144;1;1920000
7757043;1;1;1;410.53002;1;450000
7757048;1;1;1;427.41994467;2;912000
7757052;1;1;1;259.91081774;1;450000
7757056;1;1;1;294.87044104;1;450000
7757069;1;1;1;357.17625153;1;940000
7757069;2;1;2;357.17625153;1;450000
7757071;1;1;1;388.23276886;1;1940000
7757131;1;1;1;199.57639357;1;456000
7757134;1;1;1;273.61377392;1;304000
7757138;1;1;1;174.2245028;1;380000
7757141;1;1;1;269.15987573;1;308000
7757147;1;1;1;269.15987573;1;304000
7757150;1;1;1;215.71153318;1;760000
7757165;1;1;1;197.98792408;1;380000
7757187;1;1;1;393.79194569;1;456000
7757189;1;1;1;180.59752662;1;456000
7757193;1;1;1;307.25421417;1;456000
7757196;1;1;1;137.26655314;1;456000
7757199;1;1;1;243.28909529;1;456000
7757205;1;1;1;354.41275112;1;456000
7757207;1;1;1;277.50288114;1;456000
7757216;1;1;1;165.62696668;1;456000
7757219;1;1;1;177.3619829;1;456000
7757224;1;1;1;167.25295776;1;456000
7757228;1;1;1;393.79194569;1;456000
7757270;1;1;1;266.97691619;1;912000
7757283;1;1;1;131.49837924;1;912000
7757304;1;1;1;115.54994787;1;912000
7757306;1;1;1;217.05467833;1;912000
7757404;1;1;1;172.37730045;1;3600000
7757408;1;1;1;314.39076699;1;150000
7757411;1;1;1;273.68318213;1;150000
7757412;1;1;1;210.80404107;1;210000
7757418;1;1;1;297.62285635;1;210000
7757434;1;1;1;27.394019158;1;456000
7757436;1;1;1;16.508034569;1;456000
7757442;1;1;1;29.188346754;1;522000
7757446;1;1;1;18.342260632;1;456000
7757447;1;1;1;19.515790908;1;456000
7757451;1;1;1;36.645288334;1;456000
7757452;1;1;1;48.923856194;1;456000
7757454;1;1;1;33.893567582;1;456000
7757460;1;1;1;38.937853259;1;456000
7757696;1;1;1;14.213943683;1;1560000
7757859;1;1;1;14.805005202;1;1740000
7757944;1;1;1;10.985801095;1;456000
7757946;1;1;1;10.765507322;1;450000
7757965;1;1;1;10.765507322;1;350000
7758143;1;1;1;143.922114;1;360000
7758224;1;1;1;138.89000512;1;900000
7758312;1;1;1;735.32624394;1;1000000
7758319;1;1;1;323.05328527;1;600000
7758412;1;1;1;279.83755993;1;600000
7758501;1;1;1;85.290221013;1;800000
7758526;1;1;1;20.321099249;1;375000
7758859;1;1;1;188.24612805;1;456000
7758875;1;1;1;193.17512037;1;840000
7758875;2;1;2;193.17512037;2;1200000
7758883;1;1;1;219.81728973;1;200000
7758884;1;1;1;223.28948335;1;7600010
7758886;1;1;1;223.28948335;1;750004
7758931;1;1;1;109.87900506;3;1800000
7758933;1;1;1;94.063189431;3;1600000
7758938;1;1;1;76.715266998;2;1200000
7758940;1;1;1;79.986432526;2;1200000
7758941;1;1;1;75.915949378;2;1200000
7758944;1;1;1;93.563986718;2;1200000
7758950;1;1;1;119.90908382;2;1200000
7759037;1;1;1;139.96338237;1;912000
7759042;1;1;1;124.7681143;1;912000
7759061;1;1;1;18.966064713;1;960000
7759149;1;1;1;160.65561323;1;912000
7759185;1;1;1;310.2791056;1;912000
7759259;1;1;1;222.94491965;3;900000
7759268;1;1;1;320.72514851;1;300000
7759275;1;1;1;111.07905604;1;600000
7759277;1;1;1;216.49279651;1;600000
7759278;1;1;1;116.98504339;1;240000
7759282;1;1;1;122.50274155;1;600000
7759311;1;1;1;346.07346668;1;225000
7759369;1;1;1;36.590540965;1;1920000
7759370;1;1;1;43.246551275;1;1920000
7759385;1;1;1;43.800291706;1;1920000
7759444;1;1;1;110.94149742;1;1000000
7759567;1;1;1;8.4747123876;1;960000
7759581;1;1;1;141.51002224;1;160000
7759693;1;1;1;122.08334984;1;70000
7759865;1;1;1;908.86315827;1;456000
7759866;1;1;1;961.70400407;1;600000
7759876;1;1;1;191.14845443;1;450000
7759881;1;1;1;348.03383896;1;912000
7759885;1;1;1;423.7699556;1;2400000
7759886;1;1;1;402.09969016;1;912000
7759887;1;1;1;303.99565114;1;225000
7759941;1;1;1;65.908795168;1;400000
7759945;1;1;1;109.3713967;1;420000
7759948;1;1;1;85.36380858;1;456000
7759969;1;1;1;73.643515018;1;580000
7759970;1;1;1;48.680821404;1;608000
7760000;1;1;1;49.509112341;1;456000
7760009;1;1;1;78.784680225;1;560000
7760016;1;1;1;105.57904572;3;1070000
7760016;2;1;2;105.57904572;1;150000
7760213;1;1;1;32.050981109;2;900000
7760225;1;1;1;8.9938977603;1;960000
7760353;1;1;1;4.9585433325;2;99
7760501;1;1;1;7.0920646714;1;304000
7760511;1;1;1;12.892351844;1;350000
7760526;1;1;1;17.320336825;1;210000
7760702;1;1;1;7.9421297466;1;375000
7760910;1;1;1;238.79645844;1;304000
7760915;1;1;1;379.40173617;1;152000
7760937;1;1;1;57.356032752;1;50000
7760946;1;1;1;47.21325044;1;480000
7761002;1;1;1;15.498221571;1;2400000
7761017;1;1;1;21.283746639;1;320000
7761018;1;1;1;16.614505817;1;815000
7761178;1;1;1;23.388976451;1;304000
7761191;1;1;1;31.57684475;1;76000
7761194;1;1;1;53.627563446;1;912000
7761196;1;1;1;53.510283396;1;912000
7761198;1;1;1;49.553033456;1;912000
7761199;1;1;1;43.948355335;1;450000
7761214;1;1;1;83.664035267;1;1940000
7761217;1;1;1;96.706778064;1;225000
7761226;1;1;1;61.909042434;1;150000
7761235;1;1;1;63.442898894;1;75000
7761248;1;1;1;96.909496507;1;300000
7761253;1;1;1;69.787188784;1;150000
7761257;1;1;1;65.131709773;1;450000
7761260;1;1;1;68.239813686;1;304000
7761262;1;1;1;81.804025791;1;304000
7761273;1;1;1;166.15211916;1;480000
7761280;1;1;1;212.89708179;1;228000
7761295;1;1;1;131.39621516;1;200000
7761304;1;1;1;180.44900137;1;225000
7761310;1;1;1;163.49621892;1;225000
7761315;1;1;1;174.91391286;1;225000
7761319;1;1;1;146.96313663;1;225000
7761355;1;1;1;121.64251782;1;300000
7761469;1;1;1;490.31567604;1;456000
7761667;1;1;1;232.80972002;1;3500000
7762147;1;1;1;66.836126126;1;1920000
7762190;1;1;1;30.220552868;1;900000
7762266;1;1;1;152.4687112;1;79000
7762337;1;1;1;160.29544128;1;1920000
7762367;1;1;1;54.912857161;1;456000
7762382;1;1;1;37.867714261;1;218000
7762414;1;1;1;27.293583973;1;210000
7762555;1;1;1;57.440191439;1;1712000
7762677;1;1;1;45.883850692;1;720000
7762705;1;1;1;16.817325805;1;480000
7762779;1;1;1;98.710390478;1;450000
7762884;1;1;1;55.290867067;3;1500000
7762930;1;1;1;76.960546908;1;450000
7762944;1;1;1;43.325872871;1;99
7762952;1;1;1;24.229997816;1;912000
7762994;1;1;1;24.229997816;1;456000
7763050;1;1;1;142.91356758;1;420000
7763178;1;1;1;1425.1359132;1;420000
7763205;1;2;1;1594.8684882;1;9000000
7763229;1;1;1;1563.1063904;1;1000000
7763236;1;1;1;1307.9889046;1;60000
7763592;1;1;1;5.5649436301;1;840000
7763598;1;1;1;17.942831033;1;99
7763682;1;1;1;265.0917408;2;500000
7763760;1;1;1;19.459351381;1;1600000
7763906;1;1;1;98.982628527;1;360000
7763919;1;1;1;56.780584053;1;3000000
7764206;1;1;1;200.72384941;1;912000
7764240;1;1;1;188.96389605;1;304000
7764249;1;1;1;202.34777509;1;76000
7764255;1;1;1;188.68268274;1;300000
7764328;1;1;1;71.236994614;1;360000
7764340;1;1;1;66.076603254;1;304000
7764342;1;1;1;39.199907608;1;300000
7764383;1;1;1;123.49582979;1;456000
7764493;1;1;1;307.48394319;1;304000
7766355;1;1;1;13.124223062;1;99
7766357;1;1;1;11.1076223;1;99
7766383;1;1;1;13.124223062;1;99
7766619;1;1;1;118.41238264;1;225000
7766746;1;1;1;44.149225161;1;228000
7767296;1;1;1;83.016954826;1;912000
7767533;1;1;1;6.9025841654;1;304000
7767554;1;1;1;12.774780102;1;900000
7767882;1;1;1;91.879976406;1;360000
7767922;1;1;1;52.963598723;1;900000
7767935;1;1;1;48.210151835;1;2080000
7767977;1;1;1;54.771405347;1;302000
7768122;1;1;1;25.135662297;1;550000
7768130;1;1;1;33.50644069;1;500000
7768132;1;1;1;27.724399559;1;700000
7768318;1;1;1;182.58973732;1;304000
7768400;1;1;1;46.527259983;1;1083600
7768416;1;1;1;69.101595808;1;1200000
7768453;1;1;1;27.477901498;3;99
7768499;1;1;1;41.875949718;1;90000
7768815;1;1;1;76.561306859;1;140000
7769013;1;1;1;39.855301672;1;420000
7769300;1;1;1;70.295615829;1;700000
7769494;1;1;1;594.49687647;1;1200000
7769515;1;1;1;490.76256347;1;800000
7769655;1;1;1;119.562449;1;450000
7769663;1;1;1;21.942594755;1;225000
7769683;1;1;1;90.994725337;1;300000
7769719;1;1;1;124.50726402;1;450000
7769724;1;1;1;98.90363441;1;350000
7769739;1;1;1;201.66449239;1;300000
7769743;1;1;1;192.01361759;1;120000
7769746;1;1;1;231.90941732;1;300000
7769779;1;1;1;134.27489744;1;250000
7769782;1;1;1;184.43615901;1;450000
7769784;1;2;1;40.949095025;3;900000
7769786;1;1;1;27.843886768;2;600000
7769795;1;1;1;23.830240347;1;99
7769809;1;1;1;31.244860497;1;300000
7769810;1;1;1;23.830240347;1;300000
7769813;1;1;1;55.649893483;1;600000
7769815;1;1;1;55.850102317;1;210000
7769815;2;1;2;55.850102317;1;300000
7769822;1;1;1;23.328129839;1;300000
7769835;1;1;1;171.11358398;2;450000
7769848;1;1;1;195.85339454;1;70000
7769849;1;1;1;144.56174025;1;4200000
7769860;1;1;1;199.53477089;1;300000
7769890;1;1;1;147.67411833;1;300000
7769939;1;1;1;301.64540256;1;1500000
7769945;1;1;1;319.14907622;1;1590000
7769993;1;1;1;119.61694677;1;600000
7770221;1;1;1;5.928294988;1;800000
7770222;1;1;1;23.713179952;1;800000
7770277;1;1;1;21.630201718;1;70000
7770327;1;1;1;14.262050724;1;452000
7770531;1;1;1;5.6417444829;1;960000
7770856;1;1;1;14.529974395;1;450000
7770880;1;1;1;25.373513971;1;228000
7770897;1;1;1;9.6365222228;1;380000
7770901;1;1;1;8.0410526727;1;400000
7770912;1;1;1;15.297060912;1;304000
7770913;1;1;1;24.091616909;1;152000
7770947;1;1;1;35.913392371;1;156000
7771011;1;1;1;54.020816426;1;380000
7771538;1;1;1;59.524990299;1;2000000
7771556;1;1;1;193.99781957;1;1440000
7771558;1;1;1;251.59645459;1;1600000
7771563;1;1;1;18.156401611;1;960000
7771605;1;1;1;202.95558739;1;450000
7772964;1;1;1;20.597196769;1;480000
7773011;1;1;1;59.315536198;1;900000
7773049;1;1;1;51.128973488;3;100000
7773102;1;1;1;33.281810707;1;1920000
7773105;1;1;1;98.363539112;2;480000
7773127;1;1;1;53.876583728;1;228000
7773132;1;1;1;22.355349798;1;228000
7773145;1;1;1;18.916065214;1;228000
7773170;1;1;1;81.969615926;1;228000
7773194;1;1;1;29.76829048;1;99
7773228;1;1;1;92.251471695;1;294000
7773268;1;1;1;31.462259663;2;500000
7773276;1;1;1;31.462259663;1;150000
7773290;1;1;1;76.698030008;1;600000
7773292;1;1;1;127.55312655;1;900000
7773304;1;1;1;43.80710791;1;250000
7773325;1;1;1;30.391942672;1;600000
7773328;1;1;1;109.88198614;1;912000
7773363;1;1;1;46.147627443;1;456000
7773663;1;1;1;195.69254102;1;480000
7773810;1;1;1;6.5973707068;1;456000
7773990;1;1;1;9.5845484247;1;1600000
7773995;1;1;1;12.50348769;1;1800000
7774266;1;1;1;109.97217979;1;450000
7774566;1;1;1;197.18616524;1;456000
7774596;1;1;1;136.66001104;1;360000
7774822;1;1;1;54.156050611;1;76000
7774937;1;1;1;285.69101344;1;225000
7775036;1;1;1;52.503730776;1;444000
7775120;1;1;1;46.720778103;2;1140000
7775169;1;1;1;81.205453569;2;624000
7775203;1;1;1;18.89232985;1;450000
7775255;1;1;1;108.06412674;1;900000
7775282;1;1;1;34.249899108;1;900000
7775291;1;1;1;16.625250268;1;900000
7775306;1;1;1;20.781562835;1;900000
7775313;1;1;1;15.11386388;1;900000
7775330;1;1;1;20.781562835;1;600000
7775356;1;1;1;20.781562835;1;6000000
7775413;1;1;1;34.452964816;1;240000
7775453;1;1;1;254.61895917;1;304000
7775573;1;1;1;18.851322004;1;15400000
7775630;1;1;1;234.07191161;1;76000
7775641;1;1;1;226.64588357;1;990000
7775660;1;1;1;150.31397348;1;800000
7776158;1;1;1;6.5410165529;1;250000
7776376;1;1;1;2.9167901956;1;480000
7776501;1;1;1;223.17037951;1;225000
7776510;1;1;1;220.60685794;2;1512000
7776885;1;1;1;84.436352919;2;1200000
7776909;1;1;1;20.319880559;1;150000
7777054;1;1;1;16.876098008;1;560000
7777082;1;1;1;57.25973741;1;290000
7777153;1;1;1;46.217321376;1;280000
7777174;1;1;1;126.30846234;1;420000
7777186;1;1;1;85.275547511;1;420000
7777270;1;1;1;35.32707529;1;450000
7777276;1;1;1;14.07818097;1;450000
7777283;1;1;1;13.99585133;1;720000
7777307;1;1;1;17.878887503;1;860000
7777380;1;1;1;33.995961946;1;960000
7777466;1;1;1;19.441125648;1;760000
7777467;1;1;1;22.285365893;1;750000
7777475;1;1;1;26.706952171;1;750000
7777476;1;1;1;18.600748113;1;760000
7777694;1;1;1;26.621674358;1;380000
7777755;1;1;1;10.517467995;1;840000
7778002;1;1;1;8.4334811749;1;450000
7778060;1;1;1;117.56260864;2;1824000
7778075;1;1;1;53.572491269;1;160000
7778079;1;1;1;53.691622464;1;380000
7778083;1;1;1;46.466633456;1;380000
7778207;1;1;1;273.131048;2;228000
7778304;1;1;1;347.68623294;1;450000
7778540;1;1;1;126.34069346;1;900000
7778668;1;1;1;276.37128758;1;350000
7778719;1;1;1;228.13756842;1;600000
7778773;1;1;1;37.404365414;1;900000
7778784;1;1;1;172.249766;1;900000
7778877;1;1;1;51.977016884;1;456000
7778912;1;1;1;52.077606692;1;456000
7778913;1;1;1;78.241361873;1;456000
7779022;1;1;1;88.82961704;1;360000
7779747;1;1;1;1148.709965;1;600000
7779749;1;1;1;2332.8025957;5;2500000
7779927;1;1;1;6.571741739;1;1800000
7780551;1;1;1;31.340160058;1;375000
7780575;1;1;1;86.188780068;1;456000
7780928;1;1;1;635.84529563;1;40000
7780976;1;1;1;131.79321398;1;2000000
7781015;1;1;1;41.587288877;1;300000
7781051;1;1;1;55.333129226;1;140000
7781145;1;1;1;19.559216428;1;380000
7781222;1;1;1;118.3446489;1;60000
7781321;1;1;1;12.594820242;1;960000
7781327;1;1;1;81.93706855;1;1920000
7781486;1;1;1;75.394463108;1;456000
7781495;1;1;1;79.076922029;1;456000
7781536;1;1;1;101.38824471;1;456000
7781541;1;1;1;140.96236929;1;456000
7781575;1;1;1;6.3140665879;1;840000
7781577;1;1;1;7.9288146613;1;450000
7781614;1;1;1;8.5070075487;1;200000
7781615;1;1;1;10.457569031;1;230000
7781620;1;1;1;6.1421752208;1;280000
7781635;1;1;1;5.8694623233;1;70000
7782919;1;1;1;4.54267713;1;450000
7783407;1;1;1;69.998528234;1;760000
7783763;1;1;1;54.262244403;1;375000
7783772;1;1;1;42.114883181;1;456000
7783772;2;1;2;42.114883181;1;1920000
7783775;1;1;1;44.818566769;1;450000
7783778;1;1;1;26.369150118;1;1920000
7783789;1;1;1;32.796054804;2;450000
7783935;1;1;1;103.94381266;1;450000
7783945;1;1;1;27.949096194;1;456000
7784056;1;1;1;37.376360611;1;600000
7784079;1;1;1;14.574061808;1;480000
7784273;1;1;1;124.15609038;1;210000
7784335;1;1;1;698.90030018;1;152000
7784484;1;1;1;61.62571712;1;1760000
7784775;1;1;1;7.184767806;1;300000
7784898;1;1;1;24.398409463;2;150000
7784934;1;1;1;48.549101791;1;456000
7784942;1;1;1;38.095607253;1;1920000
7785060;1;1;1;220.14035331;1;300000
7785077;1;1;1;8.5213016498;1;600000
7785395;1;1;1;53.986544695;1;360000
7785623;1;1;1;50.837271863;1;1200000
7785631;1;1;1;89.736866642;1;4800000
7785771;1;1;1;5.0595463355;1;220000
7785776;1;1;1;5.7679678638;1;1000000
7785857;1;1;1;67.503546199;1;960000
7785969;1;1;1;8.5257452021;1;480000
7785981;1;1;1;10.137601722;1;532000
7785988;1;1;1;16.70516863;1;80000
7786022;1;1;1;167.04456742;1;225000
7786588;1;1;1;57.670176687;1;976000
7786598;1;1;1;37.002762555;1;912000
7786599;1;1;1;78.504884716;1;912000
7786627;1;1;1;82.556607088;1;600000
7786677;1;1;1;42.085139487;2;4800000
7786681;1;1;1;33.3024863;1;912000
7786683;1;1;1;70.635477462;1;912000
7786851;1;1;1;13.228973074;1;170000
7787066;1;1;1;83.366630554;1;1000000
7787067;1;1;1;50.316553851;1;780000
7787236;1;1;1;354.9204334;1;456000
7787252;1;1;1;301.39687806;1;456000
7787253;1;1;1;309.4035152;1;456000
7787278;1;1;1;71.331720695;1;456000
7787279;1;1;1;44.088658356;1;76000
7787282;1;1;1;35.239076019;1;76000
7787283;1;1;1;39.117625135;1;76000
7787368;1;1;1;410.60177006;1;2100000
7787391;1;1;1;194.8967087;1;2000000
7787753;1;1;1;30.564574192;1;456000
7787841;1;1;1;60.659448036;1;200000
